Age,Education,EmploymentLengthYears,MonthlyIncome,Dependents,CreditScore,ExistingLoans,MonthlyDebt,YearsWithBank,HasSavingsAccount,HasCheckingAccount,LoanAmount,LoanTermMonths,InterestRate,LoanDefault,LoanPurposeDescription,Sentiment_Score,EmploymentType_Full-Time,EmploymentType_Part-Time,EmploymentType_Self-Employed,EmploymentType_Unemployed,EmploymentSector_Education,EmploymentSector_Finance,EmploymentSector_Government,EmploymentSector_Healthcare,EmploymentSector_Manufacturing,EmploymentSector_Other,EmploymentSector_Retail,EmploymentSector_Services,EmploymentSector_Technology,MaritalStatus_Married,MaritalStatus_Single,MaritalStatus_Widowed,PropertyOwnership_Own Outright,PropertyOwnership_Own with Mortgage,PropertyOwnership_Rent,LoanPurpose_Car Loan,LoanPurpose_Debt Consolidation,LoanPurpose_Education,LoanPurpose_Home Improvement,LoanPurpose_Home Purchase,LoanPurpose_Medical,LoanPurpose_Personal,LoanPurpose_Vacation,LoanPurpose_Wedding,Sentiment_Neutral,Sentiment_Positive,Sentiment_Unknown
59,1.0,11,9067.159785929249,2,770,3,1583.0655001893713,7,1,0,20789.00550231301,36,3.8289192128181497,0,Need funds for the next three years.,0.9913865327835083,0,0,1,0,0,0,0,0,0,0,0,0,1,0,1,0,0,1,0,0,0,0,0,0,0,1,0,0,0,0,0
51,0.0,24,5068.05874228898,1,698,3,1332.0520866002532,7,1,1,27461.583711963835,48,8.85576904337473,1,I need a personal loan for this to be done.,0.9984763264656067,1,0,0,0,0,0,1,0,0,0,0,0,0,1,0,0,0,1,0,0,0,0,0,0,0,1,0,0,0,0,0
24,3.0,0,2557.5418238281936,0,480,1,911.536096582348,2,1,1,68862.74464529644,240,14.748992771125842,1,Seeking financing to start my own company.,0.9868311882019043,0,0,0,1,0,0,0,0,1,0,0,0,0,0,1,0,0,0,0,0,0,0,0,0,0,0,0,0,0,0,0
25,3.0,0,7535.09729881522,0,774,1,514.1415260222732,6,1,0,8841.450954027816,48,4.8258859843206405,0,I need a personal loan for me.,0.9985173344612122,1,0,0,0,0,1,0,0,0,0,0,0,0,0,1,0,0,0,0,0,0,0,0,0,0,0,0,1,0,0,0
25,4.0,5,4798.4652510213045,2,590,4,2386.4882850883982,3,0,1,17787.927594152534,120,18.38415697486324,1,"Applying for student financing for tuition, fees, and other expenses.",0.8830851912498474,0,1,0,0,0,0,1,0,0,0,0,0,0,1,0,0,0,0,1,0,0,1,0,0,0,0,0,0,0,0,0
18,3.0,0,2715.3125858649864,0,576,4,982.4349949228078,0,1,1,27469.92985672799,24,16.130220007840993,1,Applying for financing to cover the cost of the project.,0.9172947406768799,1,0,0,0,0,0,0,0,0,0,0,1,0,0,1,0,0,0,1,0,0,0,0,0,1,0,0,0,0,0,0
26,4.0,2,8468.695613636213,2,648,1,2698.065800626049,7,1,1,21792.51711014642,48,11.432650872131362,0,I need a personal loan for me.,0.9985173344612122,1,0,0,0,0,1,0,0,0,0,0,0,0,1,0,0,0,1,0,0,0,0,0,0,0,0,0,1,0,0,0
23,0.0,0,2079.1840969234963,3,581,1,860.6922651118855,1,1,1,17649.139075500076,24,16.813506578211435,1,"Applying for financing to cover the costs of the project, which is currently being completed.",0.9043724536895752,0,0,0,0,0,0,0,0,1,0,0,0,0,0,0,0,0,0,1,0,0,0,0,0,1,0,0,0,0,0,0
46,4.0,8,9386.927084454908,0,688,3,3284.338249982179,13,1,0,25628.31691731993,12,8.3249211112275,0,Applying for financing to cover the costs of the program.,0.9643049240112305,1,0,0,0,0,0,0,0,0,0,0,1,0,1,0,0,0,0,0,0,0,0,0,0,1,0,0,0,0,0,0
39,3.0,13,9241.19749849176,2,655,1,2386.114164005102,11,1,1,6097.498566075128,48,9.05939573559662,0,I need a personal loan for me to take care of my children.,0.997945249080658,0,1,0,0,0,0,0,0,0,1,0,0,0,1,0,0,0,1,0,0,0,0,1,0,0,0,0,0,0,0,0
19,1.0,0,1886.704785860204,1,608,1,1028.830349859637,1,0,1,11731.12892004046,24,12.7218265054373,0,Debt Consolidation: unknown,0.0,0,1,0,0,0,0,0,0,0,0,0,0,0,0,1,0,0,0,1,0,1,0,0,0,0,0,0,0,0,0,1
19,1.0,0,905.9802692267266,0,519,2,355.37041257778657,0,1,1,28062.430243716928,36,15.704060129378624,1,Applying for financing to cover the cost of the project.,0.9172947406768799,0,0,0,1,0,0,0,0,1,0,0,0,0,0,1,0,0,0,1,0,0,0,1,0,0,0,0,0,0,0,0
20,3.0,0,3440.551996253258,0,614,3,1058.667988356051,0,1,1,174085.66749033768,120,12.286558893080592,1,Home Purchase: unknown,0.0,0,0,0,1,0,0,0,1,0,0,0,0,0,0,1,0,0,0,0,0,0,0,0,1,0,0,0,0,0,0,1
27,3.0,7,7651.751256572742,2,624,1,2176.4570738468874,8,1,1,189768.2592997772,240,11.849564707650163,0,Applying for business credit to the credit card issuer.,0.9220738410949707,1,0,0,0,1,0,0,0,0,0,0,0,0,1,0,0,0,0,1,0,0,0,0,0,0,0,0,0,0,0,0
51,3.0,2,8197.069037071575,2,815,1,1359.5107104774966,25,1,1,23983.775643815326,60,5.724130082543915,0,Applying for financing to cover the costs of the project.,0.9215720891952515,1,0,0,0,0,0,0,0,0,1,0,0,0,1,0,0,0,1,0,0,0,0,1,0,0,0,0,0,0,0,0
64,1.0,16,2651.133108898411,3,708,0,1041.061632289037,12,0,1,24338.472288364097,36,6.933635344066728,0,"Applying for financing to cover the costs of the project, and the project's budget for the project.",0.914150595664978,0,1,0,0,0,0,0,0,0,0,0,0,1,1,0,0,0,0,0,0,0,0,0,0,0,0,1,0,0,0,0
21,2.0,0,153.76470254858165,0,527,4,102.85540164395564,3,0,1,61529.787427698895,60,13.745474219031156,1,"I need an education loan to pursue the full potential of a student,” he said.",0.9873195886611938,0,0,0,1,0,1,0,0,0,0,0,0,0,0,1,0,0,0,1,0,0,1,0,0,0,0,0,0,0,0,0
61,3.0,16,10783.782439949233,1,735,0,3027.5260989710187,2,1,1,19315.852726244288,24,8.473887420701192,1,Need funds for the development of the new home in the city.,0.9805616736412048,1,0,0,0,0,0,0,0,0,0,0,0,0,1,0,0,1,0,0,0,0,0,0,0,0,1,0,0,0,0,0
22,1.0,1,886.4302137318765,0,604,1,461.33318450406966,3,0,1,22635.81739243507,60,12.726702593436292,1,"Applying for financing to cover the cost of the project, which is expected to cost $1.",0.9915999174118042,0,1,0,0,0,0,1,0,0,0,0,0,0,0,1,0,0,1,0,0,0,0,0,0,0,0,1,0,0,0,0
31,4.0,3,8468.034351981612,0,696,1,3330.6068005327825,10,1,1,28126.5678292017,84,7.763555017594644,1,Need funding for my education in the United States.,0.9906061291694641,1,0,0,0,0,0,0,0,0,0,0,0,1,0,1,0,0,0,0,0,0,1,0,0,0,0,0,0,0,0,0
63,4.0,2,14084.354645634356,3,808,3,1116.534375583802,24,0,1,43078.09800623783,60,3.5645297673737173,0,Applying for student financing for student loans and other forms of student loan payments.,0.932248592376709,1,0,0,0,0,0,0,0,0,0,1,0,0,1,0,0,0,1,0,0,0,1,0,0,0,0,0,0,0,0,0
41,4.0,16,18987.534058361423,2,768,1,3252.295187771382,17,1,0,5413.867322748334,12,5.158754422770139,0,Need to refinance existing loans because of the high interest rates on the loans.,0.991283655166626,1,0,0,0,0,0,0,0,0,0,1,0,0,0,0,0,0,0,1,0,1,0,0,0,0,0,0,0,0,0,0
46,1.0,23,5321.120470180589,2,701,0,2050.3240936162674,9,1,1,27868.27787391259,12,6.850349579424433,0,Need funds for the entire project.,0.9929001331329346,1,0,0,0,0,0,0,0,0,0,0,0,0,0,1,0,0,1,0,0,0,0,0,0,0,0,0,1,0,0,0
43,1.0,16,20297.86390039693,3,721,1,5346.811787422552,14,1,1,22791.679424641967,48,8.182281320669155,1,I need a personal loan for my kids.,0.9982373714447021,0,0,1,0,0,0,0,0,0,0,1,0,0,1,0,0,0,0,1,0,0,0,0,0,0,1,0,0,0,0,0
56,2.0,10,3856.128963000679,0,695,2,1269.3543714907896,10,1,0,7755.822718030818,12,8.08835892431813,1,I need a personal loan for the rest of my life.,0.9969384670257568,0,1,0,0,0,1,0,0,0,0,0,0,0,0,1,0,0,0,1,0,0,0,0,0,1,0,0,0,0,0,0
27,2.0,5,9600.569066613143,0,632,1,2483.657840664544,6,1,0,22245.526783219048,24,10.497381269769644,1,Need funds for the project.,0.9833061099052429,1,0,0,0,0,0,0,0,0,1,0,0,0,1,0,0,0,0,1,0,0,0,1,0,0,0,0,0,0,0,0
40,3.0,5,10928.174154784669,1,664,2,3635.39512876189,3,1,1,16630.140307092952,60,9.468038855572685,0,Applying for financing to cover expenses incurred by the organization.,0.968051552772522,1,0,0,0,0,1,0,0,0,0,0,0,0,0,0,0,0,1,0,0,0,0,1,0,0,0,0,0,0,0,0
19,1.0,0,898.094505318758,0,572,1,369.2815108740864,0,1,0,28606.72177226801,12,17.757486684997712,1,Personal: unknown,0.0,0,1,0,0,0,0,0,0,1,0,0,0,0,0,1,0,0,0,1,0,0,0,0,0,0,1,0,0,0,0,1
31,3.0,9,11207.511559477667,1,723,1,1962.002562474274,1,0,0,5414.812015814947,24,7.307348325899763,0,Applying for financing to cover the costs of the project.,0.9215720891952515,1,0,0,0,0,0,1,0,0,0,0,0,0,1,0,0,0,1,0,0,0,0,0,0,0,1,0,0,0,0,0
54,1.0,11,6524.890658370503,0,672,1,2141.4326990161344,12,1,0,44759.07935353276,60,8.14880472678879,0,I need an education loan to pursue a career in finance.,0.9976776242256165,1,0,0,0,0,0,1,0,0,0,0,0,0,0,0,0,0,1,0,0,0,1,0,0,0,0,0,0,0,0,0
37,2.0,0,4604.329765415773,0,566,2,1296.1575948152972,8,1,1,30062.23242756496,48,16.153045793730385,1,Looking to finance a car because it’s a car.,0.98436039686203,0,0,0,1,0,0,0,0,1,0,0,0,0,0,1,0,1,0,0,1,0,0,0,0,0,0,0,0,0,0,0
19,3.0,0,2082.7186824511555,0,524,2,1158.0442477363913,1,0,0,186555.80497985773,120,17.66498629904239,1,I need a business loan to expand my business.,0.9976586103439331,0,1,0,0,0,0,0,0,0,0,0,0,0,0,1,0,0,0,1,0,0,0,0,0,0,0,0,0,0,0,0
55,3.0,33,10014.656954358878,0,697,1,3024.646345972776,1,0,0,20916.108040557065,48,7.818507318679656,0,I need a personal loan for me.,0.9985173344612122,1,0,0,0,1,0,0,0,0,0,0,0,0,0,0,0,0,1,0,0,0,0,0,0,1,0,0,0,0,0,0
18,2.0,0,1703.4852200197352,0,506,1,962.968528350914,0,1,0,17555.949342205702,36,19.300677680241822,1,Need funds for the game.,0.9965344667434692,0,0,0,0,0,0,0,0,0,0,1,0,0,0,0,0,0,0,1,0,0,0,0,0,0,0,1,0,0,0,0
65,2.0,12,3833.700845508286,0,681,0,1214.7229977544705,17,1,1,15446.789928126407,48,9.063588338589875,1,Car Loan: unknown,0.0,0,1,0,0,0,0,0,0,0,1,0,0,0,0,0,1,1,0,0,1,0,0,0,0,0,0,0,0,0,0,1
23,2.0,3,1887.44402282022,2,482,2,955.603480899122,1,1,0,14770.177286768856,60,16.44471473947251,1,Need to refinance existing loans because they are not in the same position as those that are currently in the process of refinancing.,0.9982920289039612,0,1,0,0,0,1,0,0,0,0,0,0,0,0,1,0,0,0,1,0,1,0,0,0,0,0,0,0,0,0,0
36,1.0,6,3398.937742529994,0,616,3,1771.2791518736358,9,1,1,86126.4595413971,60,13.052433454405232,0,I need an education loan to pursue a career in finance.,0.9976776242256165,0,1,0,0,1,0,0,0,0,0,0,0,0,1,0,0,0,1,0,0,0,1,0,0,0,0,0,0,0,0,0
34,3.0,10,4074.5305923123287,2,702,0,1586.3304896931745,6,1,1,12954.081760566356,36,7.532400306803385,1,I need a personal loan for me.,0.9985173344612122,0,1,0,0,0,0,0,0,0,1,0,0,0,1,0,0,0,1,0,0,0,0,0,0,0,0,0,1,0,0,0
45,3.0,10,9175.518321362224,2,763,0,2015.0210621530557,24,1,1,37798.76490214761,48,4.571755052466084,0,Debt Consolidation: unknown,0.0,1,0,0,0,0,0,0,0,0,0,0,0,1,1,0,0,0,0,0,0,1,0,0,0,0,0,0,0,0,0,1
66,1.0,24,4092.508954964917,0,608,1,2086.307783162338,6,0,1,16738.48337219411,60,12.4046837144273,1,I need an education loan to pursue a career in medicine.,0.9978170394897461,0,1,0,0,1,0,0,0,0,0,0,0,0,0,0,1,0,1,0,0,0,1,0,0,0,0,0,0,0,0,0
56,3.0,13,5911.407603779785,1,771,1,817.5837328128456,11,1,1,27192.604568957493,36,3.792667541069015,0,Need funds for the next five years.,0.990562915802002,1,0,0,0,0,0,0,0,0,0,0,0,0,1,0,0,1,0,0,0,0,0,0,0,0,0,0,1,0,0,0
50,3.0,20,7182.012965585258,0,645,1,3471.2320981556004,1,0,1,21633.27855348311,24,11.865328062875436,1,I need a personal loan for my next two years.,0.9985979199409485,0,0,0,0,0,0,0,0,0,0,0,1,0,0,0,0,0,1,0,0,0,0,0,0,0,1,0,0,0,0,0
19,2.0,0,1411.968915047496,0,500,2,917.9851498834456,1,1,0,73786.47328809039,60,13.341628171901633,1,Need funding for my education in the United States is $1.,0.9831817746162415,0,1,0,0,0,0,0,0,1,0,0,0,0,0,1,0,0,0,1,0,0,1,0,0,0,0,0,0,0,0,0
40,3.0,2,9298.40721932633,3,768,1,690.6576803749168,0,1,1,18647.3816405418,36,5.23040335423533,0,I want to consolidate my debts to the highest bidder.,0.9963994026184082,1,0,0,0,0,0,0,1,0,0,0,0,0,1,0,0,0,0,1,0,1,0,0,0,0,0,0,0,0,0,0
44,1.0,1,7740.275399588033,0,648,1,3930.577475440514,21,0,1,8049.360857564878,12,12.176013295022084,1,Need funds for a new project.,0.9936864972114563,0,0,1,0,0,0,0,0,0,0,0,0,0,0,1,0,0,1,0,0,0,0,0,0,0,1,0,0,0,0,0
22,2.0,3,1683.2425443281556,0,475,0,963.8944597414618,3,0,1,16207.852998481689,60,13.423165859535192,1,Need funds for the film.,0.9902044534683228,0,1,0,0,0,0,0,0,0,0,0,1,0,0,1,0,0,0,1,0,0,0,0,0,0,0,0,1,0,0,0
38,3.0,17,11770.841248043656,0,741,2,4538.253009655152,1,1,1,123575.43812296935,240,5.547898756660643,0,Applying for business credit to the bank.,0.9088759422302246,0,0,0,0,1,0,0,0,0,0,0,0,0,0,0,0,0,1,0,0,0,0,0,0,0,0,0,0,0,0,0
69,1.0,17,3730.195044406801,1,652,2,736.0454861568077,11,0,1,25669.914836024425,60,10.669385932751156,0,Need to refinance existing loans because it’s not worth it.,0.9997392296791077,1,0,0,0,0,0,0,0,0,0,0,0,0,1,0,0,1,0,0,0,1,0,0,0,0,0,0,0,0,0,0
24,1.0,0,3487.1013362342,0,586,2,1073.2590322031538,6,1,0,7882.050531182109,36,18.56739286571368,1,Need funds for the next two years.,0.9921218156814575,0,0,0,1,0,0,0,0,0,0,1,0,0,0,1,0,0,0,1,0,0,0,0,0,1,0,0,0,0,0,0
41,1.0,6,5013.778222953612,0,603,0,1628.795346466288,12,1,1,11798.743153215775,24,11.79895936980216,0,Applying for financing to cover the cost of the project.,0.9172947406768799,0,0,1,0,0,0,0,0,0,0,0,1,0,1,0,0,0,0,1,0,0,0,0,0,0,1,0,0,0,0,0
27,4.0,2,13360.75886043461,1,648,1,6873.626123048025,4,1,0,37997.59315942242,36,11.852783511861793,1,Applying for auto financing to purchase a car.,0.8946273326873779,1,0,0,0,0,0,0,0,1,0,0,0,0,0,0,0,0,0,1,1,0,0,0,0,0,0,0,0,0,0,0
22,1.0,3,1516.992821466267,2,567,1,454.892431293068,0,0,1,35303.77127025368,84,14.940269552722349,1,Need funding for my education in the U.,0.9809291362762451,0,1,0,0,0,0,0,0,0,0,1,0,0,0,1,0,0,1,0,0,0,1,0,0,0,0,0,0,0,0,0
26,3.0,5,11200.471662020092,1,757,1,2099.878683461044,1,1,0,5612.461206691309,36,4.872825840692932,0,Applying for financing to cover the costs of the project.,0.9215720891952515,1,0,0,0,0,0,0,0,0,0,0,0,0,1,0,0,0,0,0,0,0,0,1,0,0,0,0,0,0,0,0
18,2.0,0,4972.155012713817,1,530,1,2022.6497892262853,0,0,1,74077.683182301,120,19.20774467140465,1,I need a business loan to expand my business.,0.9976586103439331,0,0,0,1,0,0,0,0,0,0,0,0,1,0,1,0,0,0,1,0,0,0,0,0,0,0,0,0,0,0,0
41,1.0,15,11131.303306048718,2,729,0,2458.1895701008725,14,0,0,5460.692968455437,36,8.020364508223656,0,Applying for financing to cover the cost of the new hospital.,0.9651515483856201,1,0,0,0,0,0,0,0,0,0,1,0,0,1,0,0,0,1,0,0,0,0,0,0,0,0,0,1,0,0,0
25,3.0,1,8052.568292612531,0,712,1,2160.0437601126227,3,1,1,20562.99239324363,48,6.842404423967373,0,Need funds for the project.,0.9833061099052429,1,0,0,0,0,0,0,1,0,0,0,0,0,0,1,0,0,0,1,0,0,0,0,0,0,0,0,1,0,0,0
35,1.0,7,9904.419931272869,2,804,2,2203.145059984224,16,1,1,12846.887418061762,48,5.600270196098,0,Need funds for the next three years.,0.9913865327835083,1,0,0,0,0,1,0,0,0,0,0,0,0,1,0,0,1,0,0,0,0,0,0,0,0,0,0,1,0,0,0
24,1.0,1,1264.0518724788078,0,556,0,690.4107570393888,3,0,1,5062.858527106899,24,19.46685500325917,1,"Applying for financing to cover the cost of the project, the project will be paid for by the city, with the city and the city providing the costs",0.8677570223808289,0,1,0,0,0,0,0,0,0,0,1,0,0,0,1,0,0,1,0,0,0,0,0,0,0,1,0,0,0,1,0
18,2.0,0,1924.1157594405615,2,528,1,1120.2402310707412,0,1,1,26781.822690434867,60,15.520824008423029,1,Need funds for a new home.,0.9974108338356018,0,1,0,0,0,0,0,1,0,0,0,0,0,1,0,0,0,0,0,0,0,0,1,0,0,0,0,0,0,0,0
22,1.0,3,1988.275038857248,3,544,0,1054.2687896596742,0,1,0,8268.368486446248,60,17.593595932861646,1,I need a personal loan for me.,0.9985173344612122,0,1,0,0,0,0,0,0,1,0,0,0,0,1,0,0,0,0,1,0,0,0,0,0,0,0,0,1,0,0,0
27,3.0,7,5595.567513676425,1,641,3,1419.1408682771569,5,0,1,5857.291957763559,12,11.116340544605134,1,Personal: unknown,0.0,0,0,1,0,1,0,0,0,0,0,0,0,0,1,0,0,0,1,0,0,0,0,0,0,0,1,0,0,0,0,1
29,3.0,1,4624.358980820223,0,691,1,923.1273429890092,7,1,0,9122.11941412846,48,9.98546424197588,0,Applying for financing to cover the costs of the construction of the project.,0.9556856155395508,0,1,0,0,0,0,0,0,0,0,0,0,0,0,1,0,0,0,1,0,0,0,0,0,0,0,1,0,0,0,0
37,2.0,1,5828.857279096121,0,777,2,1039.4390284085391,8,1,1,73341.30798914569,60,4.909149927571906,1,Need funding for my education in the first place.,0.9949068427085876,1,0,0,0,0,0,0,0,0,0,0,1,0,1,0,0,1,0,0,0,0,1,0,0,0,0,0,0,0,0,0
20,2.0,1,2205.0064235655045,0,624,0,621.8272931589163,0,0,1,27936.63063887009,36,13.635027267733152,1,Need funds for the project.,0.9833061099052429,1,0,0,0,0,0,0,0,0,0,1,0,0,0,1,0,0,1,0,0,0,0,0,0,1,0,0,0,0,0,0
67,3.0,26,19500.510009330334,1,755,3,2289.222301795419,21,0,1,199920.1857758415,360,4.051221086722766,0,Seeking financing to start my own medical school in Beijing.,0.9875645041465759,0,0,1,0,0,0,0,0,0,0,0,0,0,1,0,0,0,0,1,0,0,0,0,0,0,0,0,0,0,0,0
21,3.0,0,4007.8662845437584,0,620,1,1741.6817443605455,2,1,1,25718.87672753141,72,12.108165855646607,1,I need a car loan to buy a vehicle for the next three years.,0.9990642666816711,0,0,0,0,0,0,0,1,0,0,0,0,0,0,1,0,0,1,0,1,0,0,0,0,0,0,0,0,0,0,0
35,0.0,11,3880.218129140552,0,740,3,1046.9594162652752,12,1,1,20393.55054855607,12,6.910547778089995,0,Applying for financing to cover the costs of the project.,0.9215720891952515,1,0,0,0,0,0,0,1,0,0,0,0,0,1,0,0,1,0,0,0,0,0,0,0,0,0,0,1,0,0,0
52,2.0,19,9867.597564182724,0,650,1,3648.86603307075,28,1,0,23649.121186956487,60,11.25605884097934,1,Need funds for the project.,0.9833061099052429,0,0,1,0,0,0,0,0,0,0,0,0,1,0,0,0,0,1,0,0,0,0,0,0,1,0,0,0,0,0,0
56,0.0,16,5700.321089678508,2,594,3,2548.4309801703967,13,1,1,11999.688736352433,36,15.903814703222675,1,"I need a personal loan for a long time, and I can't afford to take it for granted.",0.9977066516876221,0,0,0,0,0,0,0,0,0,1,0,0,0,1,0,0,0,1,0,0,0,0,0,0,0,0,0,1,0,0,0
30,3.0,7,6731.023510633083,2,630,1,3303.394986712597,2,1,1,57943.29763465403,120,12.15007770507228,1,Applying for student financing for the next four years.,0.9508228302001953,0,1,0,0,0,0,0,1,0,0,0,0,0,1,0,0,0,1,0,0,0,1,0,0,0,0,0,0,0,0,0
21,3.0,0,1501.3878575962185,0,494,1,1022.3508064673854,3,1,1,28076.383077578885,48,13.250909066271925,1,Applying for auto financing to purchase a car in the United States.,0.8971013426780701,0,1,0,0,0,0,1,0,0,0,0,0,0,0,1,0,0,0,1,1,0,0,0,0,0,0,0,0,0,0,0
53,3.0,14,8764.60171039709,1,846,0,1384.5627782029007,26,0,1,110112.55934923136,240,5.429704951495612,0,Applying for business credit to the IRS.,0.9847951531410217,1,0,0,0,0,0,0,0,0,0,0,0,0,0,1,0,1,0,0,0,0,0,0,0,0,0,0,0,0,0,0
51,1.0,16,5025.388612312103,1,664,2,1298.9816073413945,28,1,0,11945.822489116355,24,9.617292846192145,1,I need a personal loan for a week to pay off the debt.,0.999040424823761,1,0,0,0,1,0,0,0,0,0,0,0,0,0,0,0,1,0,0,0,0,0,0,0,0,0,1,0,0,0,0
20,3.0,0,1472.009377398708,0,534,4,923.3659556438388,0,0,1,7117.52036703289,60,13.949421240909937,1,I need a personal loan for my family to pay for my car.,0.9993022680282593,0,1,0,0,0,1,0,0,0,0,0,0,0,1,0,0,0,0,1,0,0,0,0,0,0,0,1,0,0,0,0
45,2.0,21,8128.572930344151,0,838,1,1298.48312829496,16,0,1,58098.11533592707,84,5.735543157239814,0,I need an education loan to pursue a career in finance.,0.9976776242256165,1,0,0,0,0,1,0,0,0,0,0,0,0,0,1,0,1,0,0,0,0,1,0,0,0,0,0,0,0,0,0
64,3.0,39,7446.441698207522,3,833,1,434.7459284194451,2,1,1,47726.45883119092,60,5.698325539196185,0,Applying for student financing for student loans.,0.9503378868103027,1,0,0,0,0,0,0,0,0,0,1,0,0,1,0,0,1,0,0,0,0,1,0,0,0,0,0,0,0,0,0
19,3.0,0,2598.0726885623817,1,562,2,718.5130189172469,0,1,1,23289.951213451648,60,16.13067516043274,1,"I need a personal loan for me, and I would like to see the money come back to me, and I would like to see the money come back",0.9710474610328674,1,0,0,0,0,1,0,0,0,0,0,0,0,0,1,0,0,0,1,0,0,0,0,0,0,0,1,0,0,1,0
45,1.0,24,5517.493467412173,2,625,4,2729.67407514972,2,1,1,16668.202344198762,36,10.664210085926143,1,Applying for financing to cover the costs of the project.,0.9215720891952515,0,1,0,0,0,0,1,0,0,0,0,0,0,1,0,0,0,0,0,0,0,0,0,0,0,0,1,0,0,0,0
38,3.0,7,15333.990566331457,2,675,0,5092.765877763866,10,1,1,421756.6062749037,360,8.121000693143975,0,Need mortgage financing for your own home.,0.9973869919776917,1,0,0,0,0,0,0,0,0,0,0,0,1,1,0,0,0,1,0,0,0,0,0,1,0,0,0,0,0,0,0
24,2.0,1,3535.568320182677,0,539,0,2290.4323387128666,5,0,0,127011.60999889598,120,17.54764214428669,1,I am applying for a home loan to purchase a home in the UK.,0.9910845756530762,1,0,0,0,0,1,0,0,0,0,0,0,0,0,1,0,0,0,1,0,0,0,0,1,0,0,0,0,0,0,0
22,4.0,1,5177.85594775665,0,613,1,1384.813113289801,0,1,1,99537.96854527904,120,12.780140915434211,0,Need funding for my education in the first place.,0.9949068427085876,0,0,0,0,0,1,0,0,0,0,0,0,0,0,1,0,0,0,1,0,0,1,0,0,0,0,0,0,0,0,0
25,1.0,6,3432.805327206129,0,718,2,758.8852042279867,3,1,1,196839.9270498926,120,5.662996104468712,0,Home Purchase: unknown,0.0,0,1,0,0,0,0,0,0,0,0,0,0,0,0,1,0,0,0,1,0,0,0,0,1,0,0,0,0,0,0,1
24,2.0,5,2031.854041808605,0,577,2,1112.7259531812283,5,1,0,45013.57127131733,60,17.94460397766997,1,Applying for auto financing to purchase a car.,0.8946273326873779,0,1,0,0,0,0,0,0,0,0,0,0,1,0,1,0,0,0,1,1,0,0,0,0,0,0,0,0,0,0,0
43,3.0,1,10578.311906731054,0,712,0,4170.9601129843,12,0,1,15172.699018071766,36,7.84715645217482,0,I need a personal loan for me.,0.9985173344612122,1,0,0,0,0,1,0,0,0,0,0,0,0,0,1,0,0,0,1,0,0,0,0,0,0,0,1,0,0,0,0
43,1.0,22,8276.286697693165,1,766,2,1565.830747650825,1,1,1,15223.823610356749,48,3.891092606677715,0,Applying for financing to cover the cost of the project.,0.9172947406768799,0,0,1,0,0,0,0,0,0,0,0,1,0,1,0,0,0,1,0,0,0,0,0,0,0,0,1,0,0,0,0
46,3.0,10,9024.677141197535,2,673,1,3420.693378573775,5,1,1,48004.49413586901,48,8.41856823437344,1,I want to consolidate my debts to repay my debts.,0.9972688555717468,0,1,0,0,1,0,0,0,0,0,0,0,0,1,0,0,0,1,0,0,1,0,0,0,0,0,0,0,0,0,0
43,2.0,19,5592.3058462151885,1,645,0,2176.213803646802,1,1,1,26200.95607968372,48,11.273216378769389,0,I need a car loan to buy a vehicle for the next five years.,0.9990255832672119,0,0,0,0,0,0,0,0,0,0,0,0,0,1,0,0,0,1,0,1,0,0,0,0,0,0,0,0,0,0,0
63,1.0,5,3786.090800895001,1,636,1,2024.550126414351,5,0,1,17822.56040367994,12,13.018484886394369,0,I need a personal loan for my children.,0.997666597366333,1,0,0,0,0,1,0,0,0,0,0,0,0,0,0,1,0,0,0,0,0,0,1,0,0,0,0,0,0,0,0
56,2.0,11,6612.3618770544135,1,706,0,2401.192298215138,17,1,1,47828.78310018629,48,6.65679277754,0,Car Loan: unknown,0.0,1,0,0,0,0,0,0,0,0,0,0,1,0,0,0,0,1,0,0,1,0,0,0,0,0,0,0,0,0,0,1
21,1.0,2,3058.115582617608,0,606,4,1630.0181613493828,3,0,1,29050.335669960277,36,10.490957278177236,1,I need a car loan to buy a vehicle for the next few months.,0.9991936087608337,1,0,0,0,0,0,0,0,0,1,0,0,0,0,1,0,0,1,0,1,0,0,0,0,0,0,0,0,0,0,0
67,3.0,28,10105.754204883096,0,779,1,1990.9771686059405,8,1,1,25087.02325962121,36,3.943598859449307,0,Applying for financing to cover the cost of the new building.,0.9483770132064819,1,0,0,0,0,0,0,0,0,1,0,0,0,0,0,0,0,1,0,0,0,0,0,0,0,0,1,0,0,0,0
33,3.0,12,12819.493109906323,0,722,1,4273.146984760407,12,1,1,10036.92604952574,84,8.247829011862157,1,Applying for student financing for a college or university is a federal crime.,0.9952754974365234,0,0,0,0,0,0,0,1,0,0,0,0,0,1,0,0,0,0,1,0,0,1,0,0,0,0,0,0,0,0,0
36,3.0,1,17028.748727503378,3,675,0,3029.13061602246,4,1,0,22603.868769721845,36,10.638901656942474,1,Applying for financing to cover the costs of the costs of the program.,0.9757014513015747,1,0,0,0,0,0,0,1,0,0,0,0,0,0,0,0,0,0,1,0,0,0,1,0,0,0,0,0,0,0,0
52,1.0,16,4391.937137593756,1,708,2,1338.433580853313,27,1,1,94669.5969720551,60,5.88381077353535,0,"Need funding for my education in the UK is £10,000 per year.",0.9061378240585327,0,0,1,0,0,0,0,0,0,0,1,0,0,1,0,0,0,0,1,0,0,1,0,0,0,0,0,0,0,0,0
57,1.0,31,2464.986060766943,2,660,0,482.95817770624456,9,1,1,15301.683105987968,24,7.634019851689572,1,Need to refinance existing loans because they are now in the process of buying new homes.,0.9965741634368896,0,1,0,0,0,0,0,0,0,1,0,0,0,1,0,0,0,1,0,0,1,0,0,0,0,0,0,0,0,0,0
27,3.0,0,7513.691738129828,0,683,2,1989.504895301328,2,0,0,29500.814382136927,12,8.650630636006278,0,Need funds for the project.,0.9833061099052429,0,1,0,0,0,1,0,0,0,0,0,0,0,0,1,0,0,0,1,0,0,0,0,0,1,0,0,0,0,0,0
51,0.0,16,3232.9937332577283,3,703,1,1043.0932859720983,18,1,1,33245.52335947493,60,8.37451237901179,0,Car Loan: unknown,0.0,1,0,0,0,0,0,0,0,0,0,1,0,0,1,0,0,1,0,0,1,0,0,0,0,0,0,0,0,0,0,1
20,2.0,0,1488.6672662653873,0,606,1,480.1703688141972,2,1,1,6972.581814614555,12,11.005036653868508,1,"I need a personal loan for me, and I will be able to repay the loan at any time.",0.9091150164604187,0,1,0,0,0,0,0,0,0,0,0,0,1,0,1,0,0,1,0,0,0,0,0,0,0,0,1,0,0,0,0
33,2.0,8,5845.187581812756,2,614,2,2285.275292044077,1,0,1,204608.4293352848,360,10.979756182774626,1,I am applying for a home loan to purchase a car.,0.9937224984169006,1,0,0,0,0,0,0,1,0,0,0,0,0,0,0,1,0,1,0,0,0,0,0,1,0,0,0,0,0,0,0
31,2.0,6,9029.627000588103,0,643,2,2476.608033079372,1,1,1,15074.504469129037,60,12.779804355609848,0,I need a personal loan for my daughter.,0.998080849647522,1,0,0,0,1,0,0,0,0,0,0,0,0,1,0,0,0,1,0,0,0,0,0,0,0,0,0,1,0,0,0
28,4.0,3,11991.340500595794,1,779,2,734.2923193219792,6,1,1,17277.39323457913,60,3.763483045269513,0,Need funds for the project.,0.9833061099052429,1,0,0,0,0,0,0,0,1,0,0,0,0,1,0,0,0,1,0,0,0,0,1,0,0,0,0,0,0,0,0
64,3.0,28,7842.249252873157,3,691,3,1664.4066807674449,18,1,0,81776.69001113658,180,7.590098434115257,1,Applying for business credit to a credit card company is not a requirement.,0.9801712036132812,0,0,0,0,0,0,0,0,0,0,0,0,0,1,0,0,1,0,0,0,0,0,0,0,0,0,0,0,0,0,0
30,1.0,9,7233.103725649847,2,663,0,1399.241849112124,0,0,1,17233.911214839976,48,8.308991197034468,1,"Looking to finance a car because of the fact that it is a car, it is not a car.",0.9989722967147827,0,0,0,0,0,0,0,0,0,1,0,0,0,1,0,0,0,0,1,1,0,0,0,0,0,0,0,0,0,0,0
62,3.0,0,1007.2747633951468,0,660,1,338.0155405067857,23,0,0,26994.31567806619,12,8.947645020447805,1,Applying for financing to cover the cost of the project.,0.9172947406768799,0,0,0,1,0,0,0,0,0,0,0,1,0,1,0,0,1,0,0,0,0,0,0,0,1,0,0,0,0,0,0
35,3.0,10,13698.604805260384,1,763,0,3136.726267127126,0,0,1,214856.4292333771,240,3.8958862009426585,1,I am applying for a home loan to purchase a home in the UK.,0.9910845756530762,1,0,0,0,0,0,0,0,0,1,0,0,0,1,0,0,0,1,0,0,0,0,0,1,0,0,0,0,0,0,0
44,0.0,25,5518.741864777266,2,659,1,1213.014896714866,9,0,1,20814.383328405587,36,8.261061043449375,1,I need a car loan to buy a vehicle for my family.,0.9989438652992249,1,0,0,0,0,0,0,0,0,0,1,0,0,1,0,0,0,0,1,1,0,0,0,0,0,0,0,0,0,0,0
23,1.0,0,3149.367218920938,0,557,2,1652.0860972488497,1,0,0,99111.633298032,360,18.51161341503574,0,Applying for business credit to be applied to the same business.,0.9735302329063416,1,0,0,0,0,0,1,0,0,0,0,0,0,0,1,0,0,0,1,0,0,0,0,0,0,0,0,0,0,0,0
32,4.0,0,3385.4689239182217,2,538,2,1935.909111575232,1,1,1,30751.817569386225,36,15.7166911474091,1,I need a car loan to buy a vehicle for a job.,0.9990057349205017,0,0,0,1,0,0,0,0,0,1,0,0,0,1,0,0,0,1,0,1,0,0,0,0,0,0,0,0,0,0,0
22,1.0,0,1664.6480822243427,0,530,4,840.7651000137264,0,1,1,27236.64517870472,48,16.22816830877737,1,Need to refinance existing loans because of the cost of borrowing.,0.9945600628852844,0,1,0,0,0,0,0,0,0,0,0,0,0,0,0,1,0,1,0,0,1,0,0,0,0,0,0,0,0,0,0
45,3.0,19,10352.507379975235,1,677,3,3248.795848986992,4,0,1,16431.24616623681,12,10.60367275764683,1,Need to refinance existing loans because they can›t afford to have to pay for the loan.,0.9892551898956299,0,0,1,0,0,0,0,1,0,0,0,0,0,0,0,1,0,0,0,0,1,0,0,0,0,0,0,0,0,0,0
69,1.0,32,6556.210057255203,2,748,2,1633.3859529849483,3,1,1,20552.16750569684,12,8.348561870972926,0,Need funds for the research.,0.9834201335906982,0,0,0,0,0,1,0,0,0,0,0,0,0,1,0,0,1,0,0,0,0,0,0,0,0,0,0,1,0,0,0
66,2.0,35,4714.624101428649,2,642,0,2366.0680354405968,29,1,1,27854.913400232523,24,13.29391379768284,1,Applying for financing to cover the cost of the project.,0.9172947406768799,0,1,0,0,1,0,0,0,0,0,0,0,0,0,0,0,1,0,0,0,0,0,0,0,1,0,0,0,0,0,0
21,2.0,0,2110.740117438276,0,583,2,977.006210665079,1,0,1,24081.94712317443,36,18.74100847566309,1,Applying for financing to cover expenses and expenses for the remainder of the project.,0.9640868306159973,0,1,0,0,0,0,0,0,1,0,0,0,0,0,1,0,0,0,1,0,0,0,0,0,0,0,1,0,0,0,0
59,2.0,24,9376.45067076744,0,797,2,1059.8146668313325,3,0,1,11905.933124378826,48,4.818162952288141,0,Need funds for the project.,0.9833061099052429,1,0,0,0,0,0,1,0,0,0,0,0,0,1,0,0,0,1,0,0,0,0,0,0,0,0,1,0,0,0,0
30,2.0,8,8368.508667710783,0,715,1,1898.6677399419195,7,0,0,17301.362234560016,24,6.197623994862565,0,Applying for financing to cover the cost of the project.,0.9172947406768799,1,0,0,0,0,0,0,1,0,0,0,0,0,0,1,0,0,1,0,0,0,0,1,0,0,0,0,0,0,0,0
18,2.0,0,2908.083271858768,0,561,2,1525.662119266103,0,0,1,27559.231074560998,48,13.203242638729288,1,Applying for financing to cover the cost of the project.,0.9172947406768799,1,0,0,0,0,1,0,0,0,0,0,0,0,0,1,0,0,0,1,0,0,0,0,0,0,0,1,0,0,0,0
66,4.0,7,7518.902870593989,2,727,0,2714.182228671901,29,1,1,12122.70053827402,36,6.815615465612306,0,Need funds for the team.,0.9914289116859436,0,0,1,0,0,0,0,0,0,0,0,0,0,1,0,0,1,0,0,0,0,0,1,0,0,0,0,0,0,0,0
49,1.0,0,1945.156770338555,1,507,2,992.486631973924,4,0,1,281528.21580082003,240,16.070610790849727,1,Need mortgage financing for the next three years.,0.9927216172218323,0,0,0,1,1,0,0,0,0,0,0,0,0,1,0,0,0,1,0,0,0,0,0,1,0,0,0,0,0,0,0
45,2.0,24,5539.533255821478,4,710,0,2116.248625271794,23,1,1,57723.690307451376,60,7.891465317447496,1,Applying for student financing for student loans.,0.9503378868103027,0,1,0,0,0,0,0,1,0,0,0,0,0,1,0,0,0,1,0,0,0,1,0,0,0,0,0,0,0,0,0
24,3.0,2,2837.699208520934,0,637,1,1162.3901864191007,6,1,0,21030.41789423787,60,10.199615683643591,1,Need to refinance existing loans because they are less expensive than the loans they are getting.,0.9980372786521912,0,1,0,0,0,0,0,0,0,0,1,0,0,0,1,0,0,0,1,0,1,0,0,0,0,0,0,0,0,0,0
37,2.0,1,7427.746503652906,1,666,1,2853.379389609264,4,1,1,6770.459330082934,36,9.082696598992024,0,Applying for debt consolidation to reduce the cost of the debt to the public.,0.952501118183136,1,0,0,0,0,0,0,0,1,0,0,0,0,1,0,0,0,1,0,0,1,0,0,0,0,0,0,0,0,0,0
39,0.0,9,5076.583571249943,3,639,3,1731.0117116675085,11,0,1,18427.060679916387,24,13.311476015150356,0,Need funds for the project.,0.9833061099052429,1,0,0,0,0,0,0,0,0,0,0,1,0,1,0,0,0,1,0,0,0,0,0,0,0,1,0,0,0,0,0
47,4.0,9,7777.03099884589,1,713,0,1877.3669247650444,25,1,1,20916.35089613303,60,8.426119831439262,0,"I want to consolidate my debts to the benefit of the public, and I want to have the power to make a difference in our lives.",0.9997153878211975,1,0,0,0,0,0,0,1,0,0,0,0,0,1,0,0,0,1,0,0,1,0,0,0,0,0,0,0,0,1,0
58,1.0,18,5425.838698308032,0,738,0,992.235493533438,11,1,0,175121.15971573946,180,6.765484535616494,0,Looking to buy a house for my family because they are in the middle of a recession.,0.998056948184967,0,0,1,0,0,0,1,0,0,0,0,0,0,0,1,0,0,0,0,0,0,0,0,1,0,0,0,0,0,0,0
23,3.0,0,2078.9267706840537,3,604,3,778.0223787369853,3,1,1,182691.85969115375,180,12.420358074162154,1,"Need mortgage financing for the year ended June 30, 2013.",0.9793592691421509,0,1,0,0,0,0,0,0,0,0,0,0,0,1,0,0,0,0,0,0,0,0,0,1,0,0,0,0,0,0,0
60,3.0,26,12481.854450969657,1,710,2,4549.708563709731,28,1,1,99786.5467661941,60,5.621052480579099,0,Applying for student financing for a new school.,0.982283890247345,1,0,0,0,0,0,0,0,0,0,0,1,0,0,0,0,0,0,1,0,0,1,0,0,0,0,0,0,0,0,0
66,3.0,2,7573.25387998293,0,762,2,426.5046727700458,17,1,1,47767.42861852914,36,4.853240838252676,0,"I need a car loan to buy a vehicle for the rest of the year,” she said.",0.9973447918891907,0,1,0,0,0,0,0,0,0,1,0,0,0,0,0,0,0,1,0,1,0,0,0,0,0,0,0,0,0,0,0
56,4.0,5,6998.9533252962965,0,743,2,2455.015233145499,7,1,0,48862.45907073208,120,6.887370451195444,1,Need funding for my education in the United States is $7.,0.9862089157104492,1,0,0,0,0,0,0,0,0,1,0,0,0,0,0,1,0,1,0,0,0,1,0,0,0,0,0,0,0,0,0
33,1.0,9,6964.165692691813,0,681,2,1832.129723708662,10,0,0,21089.442379913125,36,10.060563326143662,0,I need a personal loan for my children to live with.,0.9972851276397705,1,0,0,0,0,0,0,0,0,1,0,0,0,0,1,0,1,0,0,0,0,0,0,0,1,0,0,0,0,0,0
39,2.0,2,11570.353849056366,3,735,0,3372.8657816457703,4,1,0,8966.161191062276,48,6.525639000149205,0,Applying for financing to cover expenses for the remainder of the contract.,0.9798992872238159,1,0,0,0,0,0,1,0,0,0,0,0,0,1,0,0,1,0,0,0,0,0,0,0,0,1,0,0,0,0,0
20,1.0,0,3214.0983012642923,0,674,1,1041.9263887316413,1,1,1,13108.645192376393,24,8.23810179688276,0,Need funds for the next 3 months.,0.9943291544914246,1,0,0,0,0,0,0,0,1,0,0,0,0,0,1,0,0,0,1,0,0,0,0,0,1,0,0,0,0,0,0
68,2.0,4,8973.954063114725,1,674,0,2240.1066521691364,4,1,1,29792.907297722,48,8.425202819233611,1,"I need a personal loan for the future,” he said.",0.9945025444030762,1,0,0,0,0,0,1,0,0,0,0,0,0,1,0,0,0,0,1,0,0,0,0,0,0,0,1,0,0,0,0
23,0.0,0,924.4829935870864,0,466,1,377.1506288427351,5,1,0,5641.759247411355,36,14.292167982901836,1,Need funds for a new project.,0.9936864972114563,0,1,0,0,0,0,0,0,0,0,0,1,0,0,1,0,0,0,1,0,0,0,0,0,0,0,1,0,0,0,0
41,1.0,2,9985.063573302154,2,773,0,755.870017911583,0,0,1,433921.46185760107,120,5.064849175253932,1,Need mortgage financing for the United States.,0.9765323400497437,1,0,0,0,0,0,0,0,0,0,0,0,0,0,1,0,0,0,1,0,0,0,0,1,0,0,0,0,0,0,0
23,3.0,0,4877.853801148238,1,584,2,2602.2840912688207,3,1,1,34089.376009640146,48,18.1004962660183,1,I want to consolidate my debts to the extent that I can.,0.9791457653045654,0,0,1,0,0,0,0,0,0,0,0,1,0,1,0,0,0,0,1,0,1,0,0,0,0,0,0,0,0,0,0
21,2.0,1,1541.6623437062897,2,492,2,935.714409189843,1,0,1,147186.10629503807,120,16.064067711511505,1,I am applying for a home loan to purchase a house in the UK.,0.9901642203330994,0,1,0,0,1,0,0,0,0,0,0,0,0,1,0,0,0,0,1,0,0,0,0,1,0,0,0,0,0,0,0
54,3.0,0,676.2099915182612,0,522,0,466.0286235839912,12,0,1,14643.83021933513,120,13.591701429504546,1,Applying for student financing for a project,0.807011067867279,0,0,0,1,0,0,0,0,0,0,0,1,0,1,0,0,0,1,0,0,0,1,0,0,0,0,0,0,0,0,0
57,4.0,33,7745.584805409973,1,674,1,2599.3176660215317,15,1,1,83360.65460323311,84,9.907594384579705,0,I need an education loan to pursue a career in the field of finance.,0.9966446161270142,1,0,0,0,0,0,1,0,0,0,0,0,0,0,0,0,0,0,1,0,0,1,0,0,0,0,0,0,0,0,0
20,3.0,0,2645.143505744837,1,590,1,1144.2215748371832,1,1,1,25761.489760734035,36,14.547446285596292,1,Need funds for the project.,0.9833061099052429,0,1,0,0,0,0,0,1,0,0,0,0,0,1,0,0,0,0,1,0,0,0,0,0,0,1,0,0,0,0,0
62,1.0,0,208.3150021498104,0,598,3,75.58433403930219,10,1,1,12601.588437662567,48,13.347680941305663,1,Need funds for the next four weeks.,0.9965415596961975,0,0,0,1,1,0,0,0,0,0,0,0,0,0,0,0,0,1,0,0,0,0,0,0,0,0,1,0,0,0,0
59,3.0,16,6974.2244205433135,0,661,1,1878.420864016828,16,0,1,13770.47773337539,12,10.320000839838762,0,I need a personal loan for my car.,0.9989938139915466,0,1,0,0,0,1,0,0,0,0,0,0,0,0,1,0,0,0,0,0,0,0,0,0,1,0,0,0,0,0,0
35,1.0,6,11799.53874806058,0,720,0,3211.259001056724,13,1,1,20080.55339144909,12,8.450791899216323,1,Applying for financing to cover the cost of the project.,0.9172947406768799,1,0,0,0,0,0,0,0,0,0,1,0,0,1,0,0,0,1,0,0,0,0,0,0,1,0,0,0,0,0,0
29,2.0,3,8391.001595038228,1,671,0,2944.721263855902,9,1,1,121770.72755305195,240,7.898783640947949,1,"Applying for business credit to pay off debts,” he said.",0.5023506879806519,0,0,1,0,1,0,0,0,0,0,0,0,0,1,0,0,0,0,1,0,0,0,0,0,0,0,0,0,1,0,0
31,3.0,10,12090.824306716504,1,734,2,2996.014874951792,1,1,1,11823.984371407874,48,5.63312999059971,0,"Applying for financing to cover the costs of the new development,” said the firm’s chief executive, David M.",0.9809821844100952,1,0,0,0,0,0,0,0,1,0,0,0,0,1,0,0,0,1,0,0,0,0,1,0,0,0,0,0,0,1,0
59,4.0,25,11866.276813521956,0,796,2,1910.9471441823523,11,1,0,18241.264458900165,60,3.732756919514748,0,Need funds for the project.,0.9833061099052429,0,0,1,0,1,0,0,0,0,0,0,0,0,1,0,0,1,0,0,0,0,0,0,0,0,1,0,0,0,0,0
25,4.0,0,12292.120390006963,2,762,1,2181.1914785176887,2,1,1,49320.188006299584,72,5.116662297792908,0,I need a car loan to buy a vehicle for my daughter.,0.9989824891090393,1,0,0,0,0,1,0,0,0,0,0,0,0,1,0,0,0,0,0,1,0,0,0,0,0,0,0,0,0,0,0
52,4.0,17,11373.422252061226,0,771,0,1575.712512870126,23,1,1,16144.772864430724,12,3.539552729413956,0,Applying for financing to cover the cost of the project.,0.9172947406768799,1,0,0,0,0,0,0,1,0,0,0,0,0,0,1,0,1,0,0,0,0,0,0,0,0,1,0,0,0,0,0
60,1.0,14,6224.402666507057,1,750,2,1125.0659095154076,24,0,1,34552.48387576488,60,7.687520462648344,0,"Looking to finance a car because it’s a car,’s a car,’s a car,’s a car.",0.9875689148902893,1,0,0,0,0,0,0,0,1,0,0,0,0,1,0,0,1,0,0,1,0,0,0,0,0,0,0,0,0,0,0
39,3.0,8,15265.191177485012,3,764,1,1077.088700109033,19,0,1,19272.61254610411,36,4.705890953878979,0,Wedding: unknown,0.0,1,0,0,0,0,1,0,0,0,0,0,0,0,1,0,0,0,0,1,0,0,0,0,0,0,0,0,1,0,0,1
30,3.0,11,10542.184646383004,3,673,3,2165.5338975235763,12,1,1,15390.68096343983,48,7.539988155913129,1,Need funds for the game.,0.9965344667434692,1,0,0,0,0,1,0,0,0,0,0,0,0,1,0,0,0,1,0,0,0,0,0,0,0,1,0,0,0,0,0
50,1.0,22,7470.028088727864,1,700,0,2974.0556921549382,21,1,1,25234.666625975755,24,8.588096451801931,1,Applying for financing to cover the costs of the program.,0.9643049240112305,1,0,0,0,0,0,0,0,1,0,0,0,0,0,1,0,1,0,0,0,0,0,0,0,0,0,0,1,0,0,0
37,3.0,6,9319.997952504336,1,637,1,2426.1497720411303,1,1,0,27733.01005196955,24,12.650089137415929,0,Applying for financing to cover the cost of the $5 million loan.,0.9684236645698547,1,0,0,0,0,1,0,0,0,0,0,0,0,1,0,0,0,1,0,0,0,0,0,0,0,0,1,0,0,0,0
48,3.0,23,11366.116183919208,0,807,0,1997.6286044138828,17,0,1,40737.260453301344,36,4.762112204732544,0,Looking to finance a car because it is not the right way to spend your money.,0.999782383441925,1,0,0,0,0,0,1,0,0,0,0,0,0,0,0,0,0,1,0,1,0,0,0,0,0,0,0,0,0,0,0
20,1.0,1,1749.9898474354889,0,577,2,738.0202920785151,0,1,1,82357.92814608078,60,17.63158622556379,0,Need funding for my education in a way that will help me better understand my skills and how I can improve my learning.,0.994941771030426,0,1,0,0,0,0,0,1,0,0,0,0,0,0,1,0,0,0,1,0,0,1,0,0,0,0,0,0,0,0,0
22,1.0,3,1781.5462995555606,0,501,2,1047.3466550186845,4,1,1,128220.65952135537,180,17.789467694118592,1,Need mortgage financing for all your mortgage needs.,0.9957196116447449,0,1,0,0,0,0,1,0,0,0,0,0,0,0,1,0,0,1,0,0,0,0,0,1,0,0,0,0,0,0,0
39,0.0,9,16552.17514755208,0,616,1,5749.696942350192,4,0,1,226662.26161440124,180,12.83461761895754,1,Need mortgage financing for the past year.,0.9896155595779419,0,0,1,0,1,0,0,0,0,0,0,0,0,1,0,0,0,1,0,0,0,0,0,1,0,0,0,0,0,0,0
19,1.0,0,1651.0584066288498,2,618,4,422.2708726545291,0,1,0,70467.31153038099,240,10.548438822915996,0,Seeking financing to start my own company.,0.9868311882019043,0,0,0,0,0,0,0,0,0,0,0,1,0,0,1,0,0,0,1,0,0,0,0,0,0,0,0,0,0,0,0
31,2.0,1,7310.299009473151,3,696,1,1655.3029397829544,1,0,1,39828.23599204446,24,10.587943307993257,1,Applying for debt consolidation to reduce the debt burden and reduce the debt burden is a major issue for the United States.,0.8206040859222412,1,0,0,0,0,0,0,0,1,0,0,0,0,1,0,0,1,0,0,0,1,0,0,0,0,0,0,0,0,0,0
46,0.0,6,6621.168846344983,0,774,1,1375.3454997721287,22,0,1,8791.871993318779,12,4.1212228495361645,0,Need funds for the next three years.,0.9913865327835083,0,0,0,0,0,0,0,0,0,0,0,0,0,1,0,0,0,1,0,0,0,0,0,0,1,0,0,0,0,0,0
42,2.0,5,9485.309954655317,4,747,0,2161.4013858866983,17,1,1,42317.34976411307,48,6.160291642243291,0,Looking to finance a car because it is a small car.,0.9939279556274414,1,0,0,0,0,0,0,0,1,0,0,0,0,1,0,0,0,1,0,1,0,0,0,0,0,0,0,0,0,0,0
18,2.0,0,4262.678900918763,0,542,1,2847.943309808144,0,1,1,25539.789352939508,60,13.407664478974748,1,I need a personal loan for me to keep it going.,0.9989425539970398,0,0,1,0,0,0,0,0,0,0,0,0,1,0,1,0,0,1,0,0,0,0,0,0,0,0,0,1,0,0,0
22,2.0,2,1654.9375899737984,0,617,4,845.1124796040202,4,0,1,13931.773049901129,48,12.374700297591607,1,Applying for financing to cover the costs of the proposed project.,0.908152163028717,1,0,0,0,0,0,0,0,0,0,0,0,1,0,1,0,0,0,0,0,0,0,0,0,0,0,0,1,0,0,0
67,3.0,7,6774.456926558997,0,734,1,1175.2001276059675,21,1,0,142705.3706893971,120,8.104426763132516,0,Business: unknown,0.0,1,0,0,0,0,1,0,0,0,0,0,0,0,0,0,0,0,0,1,0,0,0,0,0,0,0,0,0,0,0,1
23,2.0,0,1930.851515191024,0,568,3,850.9061811011622,3,1,0,29823.58664457268,48,14.580877425563743,1,Need funds for the project.,0.9833061099052429,0,1,0,0,0,0,0,0,0,0,0,1,0,0,1,0,0,0,1,0,0,0,0,0,1,0,0,0,0,0,0
34,3.0,15,7081.413614761498,1,655,2,2185.468518093008,1,1,0,79252.05471710175,120,8.540404914162908,1,Need funding for my education in the future.,0.9903964996337891,1,0,0,0,0,0,0,1,0,0,0,0,0,1,0,0,0,1,0,0,0,1,0,0,0,0,0,0,0,0,0
23,3.0,0,203.47386173514224,0,419,2,104.3219909365248,4,1,1,17905.146911750817,60,15.292503524562305,1,Applying for auto financing to purchase a car.,0.8946273326873779,0,0,0,1,0,0,0,0,0,0,0,0,0,0,1,0,0,0,1,1,0,0,0,0,0,0,0,0,0,0,0
35,4.0,12,14522.26948336288,1,752,1,1402.7335283831324,12,1,0,5610.019538913451,24,3.553173527125968,0,"I need a personal loan for me to pay for my education, my house, my house and my house.",0.9989513158798218,1,0,0,0,0,0,0,0,0,0,1,0,0,1,0,0,0,1,0,0,0,0,0,0,0,0,0,1,0,0,0
18,1.0,0,1438.810523792963,0,499,4,923.848892263584,0,1,1,10715.681466224323,12,16.17085671642704,1,Applying for financing to cover the costs of the study.,0.9655858278274536,0,1,0,0,0,0,0,0,0,1,0,0,0,0,1,0,0,0,0,0,0,0,0,0,0,0,1,0,0,0,0
60,2.0,16,5933.676402808772,2,682,1,1109.9200747570574,19,1,1,7302.4688549897455,24,10.630415360269776,0,Applying for financing to cover the costs of the project.,0.9215720891952515,0,0,1,0,0,0,0,0,0,0,1,0,0,1,0,0,0,1,0,0,0,0,1,0,0,0,0,0,0,0,0
33,1.0,5,6170.227266535838,0,643,2,3171.7869475784755,1,0,1,22550.92377117589,36,12.43100848901089,0,"Looking to finance a car because you’re not sure how to get around the car,’s a great way to get around the car,",0.9982116222381592,1,0,0,0,0,1,0,0,0,0,0,0,0,1,0,0,0,1,0,1,0,0,0,0,0,0,0,0,0,0,0
29,4.0,8,13437.884111726464,2,686,0,4312.770735518741,9,1,1,19050.432782933083,48,9.848543661957043,1,Applying for debt consolidation to reduce the cost of the government’s debt and reduce the cost of the government’s debt and reduce the cost of,0.9364076852798462,1,0,0,0,0,0,0,0,0,0,0,0,1,1,0,0,0,0,1,0,1,0,0,0,0,0,0,0,0,0,0
59,3.0,11,4859.2172542917215,1,607,0,1859.703762860761,16,1,1,25063.58922441392,36,13.897383299909146,1,Need funds for the project and the other projects.,0.988012433052063,0,1,0,0,0,0,0,0,0,0,1,0,0,1,0,0,0,1,0,0,0,0,0,0,1,0,0,0,0,0,0
42,1.0,17,9039.292882708836,2,671,0,1653.577673490272,18,0,1,23149.497749632388,12,8.247289782087352,0,Applying for financing to cover the costs of the project.,0.9215720891952515,0,0,1,0,0,0,0,0,0,1,0,0,0,1,0,0,1,0,0,0,0,0,0,0,0,0,1,0,0,0,0
56,3.0,14,11413.035297509818,0,756,2,2350.3799463282617,10,1,1,19921.25394866217,12,3.749937289545007,0,Applying for financing to cover the cost of the program is a key component of the program.,0.9087429642677307,1,0,0,0,0,0,0,0,0,0,1,0,0,1,0,0,0,0,1,0,0,0,0,0,0,0,1,0,0,1,0
52,1.0,11,10451.087558528565,2,718,1,1871.7019870722052,29,1,1,25436.24271227979,48,8.133922961335209,0,Need funds for the rest of the year.,0.996407687664032,0,0,1,0,0,0,0,0,0,0,0,0,0,1,0,0,1,0,0,0,0,0,0,0,0,0,0,1,0,0,0
64,2.0,4,6965.043980505951,2,813,2,484.5360453713196,29,1,1,17290.396877920808,24,3.933004674775038,0,Applying for financing to cover the costs of the project.,0.9215720891952515,0,0,1,0,0,0,1,0,0,0,0,0,0,1,0,0,1,0,0,0,0,0,0,0,0,0,0,1,0,0,0
57,1.0,4,6873.445573565377,0,742,1,2713.267699162341,8,1,1,421487.4963756572,240,5.578914980809747,1,Looking to buy a house for my family because I have no money to buy a house for my family.,0.999711811542511,1,0,0,0,0,0,0,0,0,1,0,0,0,0,0,1,0,1,0,0,0,0,0,1,0,0,0,0,0,0,0
24,2.0,2,1841.4610130463168,1,516,4,969.8344578839695,1,0,1,59380.02090195519,360,16.52596309004786,1,Business: unknown,0.0,1,0,0,0,0,1,0,0,0,0,0,0,0,0,1,0,0,0,1,0,0,0,0,0,0,0,0,0,0,0,1
64,3.0,38,9824.763518687898,1,733,1,2930.115001191385,1,1,1,9088.09681462557,48,8.408236967005863,0,Applying for financing to cover the costs of the project.,0.9215720891952515,1,0,0,0,0,0,0,0,0,0,0,0,0,1,0,0,0,0,1,0,0,0,0,0,0,0,1,0,0,0,0
34,2.0,1,5258.604412773268,0,613,1,1431.9140992024638,9,1,1,36002.28842234306,84,12.2647439372695,1,"Applying for student financing for a college degree is a simple one, but it is not always easy to find a student loan that will help you get a",0.9830613732337952,1,0,0,0,0,0,0,0,0,0,0,1,0,0,1,0,0,1,0,0,0,1,0,0,0,0,0,0,0,0,0
33,1.0,14,3938.10790218476,2,622,0,1884.626195467096,10,0,1,23089.035669683908,60,12.489286183866724,1,I need a car loan to buy a vehicle for the next two years.,0.9990818500518799,0,1,0,0,0,0,0,0,0,1,0,0,0,1,0,0,0,1,0,1,0,0,0,0,0,0,0,0,0,0,0
50,3.0,26,12671.886144242808,0,674,3,3023.0931167967037,29,0,1,47708.20383416798,60,9.67318006576198,0,I want to consolidate my debts to a lower-income community.,0.9977136850357056,1,0,0,0,0,0,1,0,0,0,0,0,0,0,1,0,0,1,0,0,1,0,0,0,0,0,0,0,0,0,0
19,1.0,0,4529.719839631322,0,596,2,1989.9523674703105,1,1,1,182743.4632321982,180,18.00686957756471,1,Applying for business credit to other issuers is a common practice.,0.7012194395065308,0,0,0,1,0,1,0,0,0,0,0,0,0,0,1,0,1,0,0,0,0,0,0,0,0,0,0,0,0,1,0
47,1.0,0,5807.038688548608,0,767,1,312.56846406208507,9,1,1,9143.704424130518,48,4.103842104254205,0,Applying for financing to cover the costs of the purchase.,0.9590631723403931,1,0,0,0,0,0,1,0,0,0,0,0,0,1,0,0,0,0,1,0,0,0,0,0,0,0,0,1,0,0,0
41,1.0,4,3266.5937423406863,1,669,0,1226.9432532358687,17,1,1,20478.09589509585,24,9.805314742289184,0,Need to refinance existing loans because the government is trying to make sure that the loan is repaid by the government.,0.996885359287262,0,1,0,0,0,0,0,0,0,0,1,0,0,1,0,0,0,1,0,0,1,0,0,0,0,0,0,0,0,0,0
20,1.0,0,406.761863615025,0,518,3,149.81816559618898,0,0,1,55119.81211498367,120,18.114901180836934,1,Need funding for my education in the United States.,0.9906061291694641,0,0,0,1,0,0,0,0,0,1,0,0,0,0,0,0,0,1,0,0,0,1,0,0,0,0,0,0,0,0,0
43,2.0,24,13520.804316563328,3,747,2,3088.511738056397,3,0,1,11196.83396821059,48,6.592338325031498,0,I need a personal loan for my children.,0.997666597366333,0,0,0,0,0,0,0,0,0,0,0,1,0,1,0,0,0,1,0,0,0,0,1,0,0,0,0,0,0,0,0
64,3.0,25,10602.482427364084,3,817,2,1584.3814611138514,11,1,1,366246.53407042485,180,4.926524366597074,0,Need mortgage financing for students.,0.989944338798523,1,0,0,0,0,0,0,0,0,0,0,0,1,1,0,0,0,1,0,0,0,0,0,1,0,0,0,0,0,0,0
38,3.0,16,12527.53208415971,2,713,1,3316.629631038738,7,1,0,18932.6342222512,60,7.105209156800976,0,"I need a personal loan for me to buy a house in the UK, and I can’t afford to buy a house in the UK.",0.9985151886940002,1,0,0,0,0,0,0,0,0,0,0,1,0,1,0,0,0,1,0,0,0,0,0,0,0,1,0,0,0,0,0
53,2.0,7,3090.722368987474,4,696,1,638.7413584574147,1,0,0,27424.87070411781,36,9.316709268178949,0,"Applying for auto financing to purchase a car, it’s a very different case.",0.9764911532402039,0,1,0,0,0,0,0,0,0,0,0,0,0,1,0,0,0,1,0,1,0,0,0,0,0,0,0,0,0,1,0
25,4.0,0,10870.880056036523,2,682,2,2638.412193964593,5,1,1,21721.031316590183,60,9.569542256977044,0,Applying for financing to cover the cost of the new project.,0.9272741675376892,1,0,0,0,0,0,0,0,0,0,0,0,0,1,0,0,0,0,1,0,0,0,0,0,0,0,1,0,0,0,0
20,2.0,1,1662.1339862074208,2,544,2,990.6820594438844,2,0,1,6320.099011713202,60,17.195582759640537,0,I need a personal loan for a few months.,0.998241662979126,1,0,0,0,0,0,0,0,0,0,1,0,0,0,1,0,0,0,1,0,0,0,0,0,0,0,0,1,0,0,0
21,0.0,1,1468.5229360018889,2,478,0,967.5300642390451,2,0,1,25090.08838603838,24,19.769886306814197,1,Wedding: unknown,0.0,0,1,0,0,0,0,0,0,0,0,0,0,0,1,0,0,0,1,0,0,0,0,0,0,0,0,0,1,0,0,1
54,3.0,20,8841.412269388215,2,739,3,1869.865259780643,23,1,1,9017.034331488892,60,6.355285506081541,0,I need a personal loan for me.,0.9985173344612122,0,0,1,0,0,0,0,1,0,0,0,0,0,1,0,0,1,0,0,0,0,0,1,0,0,0,0,0,0,0,0
24,1.0,1,2330.5463434222406,2,593,0,904.035444706518,4,1,1,19770.104428476086,48,15.991177292512408,1,Need to refinance existing loans because they can't pay off the loans.,0.9990839958190918,1,0,0,0,0,0,0,0,0,0,0,0,0,1,0,0,0,0,1,0,1,0,0,0,0,0,0,0,0,0,0
44,1.0,22,8671.545843648757,0,812,0,1052.5279111127527,22,1,1,20920.51214313962,12,5.473232120799214,0,Debt Consolidation: unknown,0.0,1,0,0,0,0,1,0,0,0,0,0,0,0,0,1,0,0,1,0,0,1,0,0,0,0,0,0,0,0,0,1
36,1.0,9,7063.409831151099,2,673,1,1916.3579226473817,15,1,0,273069.97065393627,180,9.847246965659648,1,Need mortgage financing for the first time in more than 40 years.,0.9403626918792725,1,0,0,0,0,0,0,0,0,1,0,0,0,1,0,0,1,0,0,0,0,0,0,1,0,0,0,0,0,0,0
38,1.0,12,10275.673010137984,1,720,1,4023.048020261169,8,1,0,41636.32265877741,60,7.60762150460442,0,Looking to finance a car because it's the best way to get around the city.,0.9981437921524048,1,0,0,0,0,0,0,0,0,1,0,0,0,1,0,0,0,0,1,1,0,0,0,0,0,0,0,0,0,1,0
27,3.0,3,6484.905469417915,1,693,1,2203.387570586119,3,1,1,404635.2305787832,120,9.928319449385942,0,Need mortgage financing for private lenders.,0.9859625697135925,0,1,0,0,1,0,0,0,0,0,0,0,0,0,1,0,0,1,0,0,0,0,0,1,0,0,0,0,0,0,0
42,2.0,22,6736.860782111935,0,661,0,1392.0402820025067,21,1,1,20349.257658130817,12,9.52171114020548,1,Medical: unknown,0.0,0,1,0,0,1,0,0,0,0,0,0,0,0,0,1,0,0,1,0,0,0,0,0,0,1,0,0,0,0,0,1
34,4.0,2,6191.824959726092,2,632,0,2846.048655127116,0,1,1,28869.438810630385,36,13.975647952927128,1,Need funds for the project.,0.9833061099052429,0,1,0,0,0,0,0,1,0,0,0,0,0,1,0,0,0,0,1,0,0,0,0,0,0,0,0,1,0,0,0
23,2.0,3,2210.071670506956,0,541,4,1458.6523263532374,4,1,1,27150.47545108976,48,14.140105597150434,1,I need a personal loan for me.,0.9985173344612122,1,0,0,0,0,0,0,0,0,0,1,0,0,0,1,0,0,1,0,0,0,0,1,0,0,0,0,0,0,0,0
24,0.0,0,786.3730936801561,0,542,2,418.1454449905006,2,1,0,25232.88147929769,36,14.961045596653632,1,Applying for debt consolidation to reduce the cost of borrowing and to reduce the cost of borrowing.,0.9709100127220154,0,0,0,1,0,0,0,0,0,1,0,0,0,0,1,0,0,0,1,0,1,0,0,0,0,0,0,0,0,0,0
21,3.0,0,1918.565283862516,2,508,3,1035.7940943020988,2,0,0,71797.12802073744,60,18.59538085573194,1,Applying for student financing for the program.,0.9433702826499939,0,1,0,0,0,0,0,0,0,0,1,0,0,1,0,0,0,0,1,0,0,1,0,0,0,0,0,0,0,0,0
45,1.0,0,7386.012488423497,1,788,1,706.0070158382991,6,1,1,29948.77260191897,36,5.651826458140858,0,"I need a car loan to buy a vehicle for the next two years,” he said.",0.9976639747619629,1,0,0,0,0,0,0,0,0,1,0,0,0,1,0,0,0,1,0,1,0,0,0,0,0,0,0,0,0,0,0
50,4.0,31,8852.298046406499,1,722,1,2560.087388935156,23,1,1,28403.869354019524,12,7.210183510268095,0,Applying for financing to cover the costs of the new project.,0.9287589192390442,1,0,0,0,0,0,0,1,0,0,0,0,0,1,0,0,1,0,0,0,0,0,0,0,0,0,1,0,0,0,0
60,3.0,0,2448.5201592892754,1,650,1,757.068210221787,5,1,1,12931.3804112425,36,12.123436137153902,1,Applying for financing to cover the costs of the project.,0.9215720891952515,0,0,0,1,0,0,0,0,0,0,1,0,0,1,0,0,1,0,0,0,0,0,0,0,0,0,1,0,0,0,0
20,3.0,0,2372.728035312455,0,639,1,1296.2162900561216,0,1,1,25202.3509323303,60,11.709982601427036,0,Car Loan: unknown,0.0,0,1,0,0,0,0,0,0,1,0,0,0,0,0,1,0,0,1,0,1,0,0,0,0,0,0,0,0,0,0,1
66,3.0,6,4924.6712402112325,0,648,2,2031.904690339677,13,1,1,47284.31800820787,12,12.902903641456414,0,Applying for debt consolidation to reduce the amount of debt that is owed to the Treasury.,0.9614085555076599,0,1,0,0,0,0,0,0,0,0,0,1,0,0,0,0,0,1,0,0,1,0,0,0,0,0,0,0,0,0,0
43,4.0,4,20133.510925500468,0,779,1,2050.458497186132,16,1,1,5851.743823015855,60,5.7871445148018985,1,Applying for debt consolidation to reduce the deficit.,0.969321608543396,1,0,0,0,0,0,0,0,0,1,0,0,0,0,1,0,0,0,1,0,1,0,0,0,0,0,0,0,0,0,0
42,2.0,0,714.0715223643368,0,547,2,330.98293859273633,12,1,1,28803.597926908784,48,17.963010579284656,1,I need a personal loan for me.,0.9985173344612122,0,0,0,1,0,0,0,0,0,0,0,0,0,0,1,0,1,0,0,0,0,0,1,0,0,0,0,0,0,0,0
18,1.0,0,1855.865220315108,0,628,2,1010.4195075857788,0,1,0,21132.663256811225,48,12.400808832280646,1,I need a personal loan for me.,0.9985173344612122,0,1,0,0,0,0,0,0,0,0,0,0,0,0,1,0,0,0,1,0,0,0,1,0,0,0,0,0,0,0,0
33,2.0,0,3456.630135063983,3,574,3,1348.772892846447,0,1,1,23572.590072059986,12,18.457347951547725,1,"Need funds for the project, which is currently being funded by the National Institutes of Health and the National Institutes of Health.",0.9620758891105652,0,0,0,1,0,1,0,0,0,0,0,0,0,1,0,0,1,0,0,0,0,0,0,0,0,0,0,1,0,0,0
31,3.0,0,2444.02953867471,1,569,1,678.2570194046299,0,0,1,134368.61549131275,240,18.623189294689265,1,Applying for business credit to the credit card companies is a relatively simple one.,0.5128674507141113,0,0,0,1,1,0,0,0,0,0,0,0,0,1,0,0,0,0,1,0,0,0,0,0,0,0,0,0,1,0,0
52,1.0,13,2893.3788416664147,2,640,0,765.1333493158791,13,1,1,27572.37487979968,48,12.671218732905626,0,Applying for financing to cover the cost of the project.,0.9172947406768799,0,1,0,0,0,0,0,0,0,0,1,0,0,1,0,0,0,1,0,0,0,0,0,0,0,1,0,0,0,0,0
19,4.0,0,1995.8357996435532,0,540,2,926.570266242078,1,1,1,18996.10780772073,36,15.63686753390759,1,Applying for financing to cover the costs of the project.,0.9215720891952515,0,1,0,0,0,0,0,0,0,0,1,0,0,0,1,0,0,1,0,0,0,0,0,0,0,1,0,0,0,0,0
23,1.0,0,1834.3611582893584,0,518,2,1068.6754009465717,1,1,0,15693.214996043616,84,19.05911371973428,1,Need funding for my education in the past.,0.9940243363380432,1,0,0,0,0,0,0,0,1,0,0,0,0,0,1,0,0,0,1,0,0,1,0,0,0,0,0,0,0,0,0
45,2.0,8,13852.104858622968,1,752,3,3379.147932011623,19,1,0,30093.185442704525,60,3.625873817423383,0,Looking to finance a car because it’s a good idea to buy a car because it’s a good idea to buy a car because it,0.9911054968833923,1,0,0,0,0,0,0,0,1,0,0,0,0,1,0,0,0,0,1,1,0,0,0,0,0,0,0,0,0,1,0
66,2.0,21,6462.981598737339,0,650,0,3345.957385116817,0,0,1,11160.85701984139,24,12.148813946364331,1,Applying for financing to cover the cost of the program.,0.9627463221549988,1,0,0,0,0,0,0,0,1,0,0,0,0,0,1,0,0,1,0,0,0,0,0,0,0,1,0,0,0,0,0
67,3.0,35,4627.968556120861,1,739,0,1242.9984338377908,15,0,1,20256.097124288543,60,8.260891543658223,0,Need funding for my education in the United States.,0.9906061291694641,0,1,0,0,0,0,0,1,0,0,0,0,0,1,0,0,0,0,0,0,0,1,0,0,0,0,0,0,0,0,0
29,1.0,10,6041.02829691361,0,697,1,2383.2790241642547,4,0,1,24849.74290920015,24,8.689221150466597,0,Need funds for the research and development of the project.,0.982262372970581,0,0,1,0,0,0,0,0,0,0,1,0,0,0,1,0,0,0,1,0,0,0,0,0,1,0,0,0,0,0,0
28,3.0,4,11706.374552621874,0,751,0,1935.9004410278817,4,1,0,312393.59435841057,360,5.951420567651809,0,Looking to buy a house for my family because I wanted to be a mom.,0.9930986762046814,1,0,0,0,0,0,0,0,0,0,0,1,0,0,1,0,0,1,0,0,0,0,0,1,0,0,0,0,0,0,0
20,1.0,0,2829.6290076757728,1,644,0,1247.5828224036677,2,0,0,11261.545465139605,48,13.915571433100036,0,I need a personal loan for my children.,0.997666597366333,1,0,0,0,0,0,0,0,0,0,0,0,1,1,0,0,0,0,1,0,0,0,0,0,0,0,1,0,0,0,0
22,2.0,2,1948.399223875824,0,646,2,717.780898572848,4,0,1,84773.62860151828,360,10.677038096816185,1,Looking to buy a house for my family because of the fact that I am a single mom.,0.988990068435669,1,0,0,0,1,0,0,0,0,0,0,0,0,0,1,0,0,1,0,0,0,0,0,1,0,0,0,0,0,0,0
22,2.0,2,2209.0075681490816,1,655,3,812.823981834617,1,1,0,48943.33212117238,48,10.287937680854622,1,Looking to finance a car because of the high cost of the car.,0.9933233857154846,1,0,0,0,0,0,0,0,1,0,0,0,0,0,1,0,0,0,1,1,0,0,0,0,0,0,0,0,0,0,0
66,4.0,0,14562.97825853113,1,766,1,3037.1327473735614,20,1,1,174166.0672101099,360,4.901695737347374,0,I am applying for a home loan to purchase a home.,0.9946223497390747,1,0,0,0,0,0,0,0,0,0,1,0,0,1,0,0,1,0,0,0,0,0,0,1,0,0,0,0,0,0,0
61,0.0,33,6681.867953333086,0,674,0,1175.0634673418722,14,1,1,46182.44951994166,120,10.22937309403524,0,I need an education loan to pursue a career in finance.,0.9976776242256165,1,0,0,0,0,0,0,0,1,0,0,0,0,0,1,0,1,0,0,0,0,1,0,0,0,0,0,0,0,0,0
38,5.0,15,15378.847800861737,1,683,1,3900.343838465765,8,1,1,23845.742514230464,12,8.441568763794086,1,"I need a personal loan for me to go to university, so I can get my education, but I have to pay for it.",0.998626708984375,0,0,1,0,0,0,0,0,0,0,0,0,0,1,0,0,0,1,0,0,0,0,0,0,0,1,0,0,0,0,0
30,3.0,11,7861.462501811822,0,666,1,1649.0722287341705,7,0,1,23951.010525280413,12,8.59409308717905,1,Applying for financing to cover the cost of the project.,0.9172947406768799,1,0,0,0,0,0,0,0,1,0,0,0,0,0,1,0,0,1,0,0,0,0,0,0,0,1,0,0,0,0,0
57,4.0,0,148.9525201631109,0,588,3,51.61292863683164,5,1,0,312920.4403538948,180,19.522119973276773,1,I am applying for a home loan to purchase a new car and the car is not in the car.,0.9989836812019348,0,0,0,1,0,0,0,0,0,0,0,0,1,0,1,0,0,1,0,0,0,0,0,1,0,0,0,0,0,0,0
43,3.0,13,11399.881833167688,2,696,3,3119.2388913489376,4,1,0,29488.77100954392,24,10.038045046428902,0,Home Improvement: unknown,0.0,0,0,0,0,0,0,0,0,1,0,0,0,0,0,1,0,0,1,0,0,0,0,1,0,0,0,0,0,0,0,1
48,0.0,25,9611.620145986124,0,692,4,2881.153699530674,5,1,1,43937.95897331774,48,8.698834900124902,0,I need a car loan to buy a vehicle for my kids.,0.998963475227356,0,0,1,0,0,0,0,0,0,1,0,0,0,1,0,0,1,0,0,1,0,0,0,0,0,0,0,0,0,0,0
31,3.0,1,9417.062225964995,0,676,3,1993.259217297226,7,1,1,16774.00631086834,36,10.12911997933915,1,I need a personal loan for me.,0.9985173344612122,0,0,0,0,0,0,0,0,0,0,0,0,1,0,1,0,0,1,0,0,0,0,0,0,0,1,0,0,0,0,0
29,2.0,0,8375.70030574834,0,786,2,1068.1510589629852,6,1,1,20817.796968715025,48,3.5109081741257726,0,I need a personal loan for me to get back to work.,0.9990493655204773,1,0,0,0,0,0,0,0,0,0,1,0,0,0,1,0,0,0,0,0,0,0,0,0,0,0,1,0,0,0,0
22,1.0,2,1501.166692178778,0,605,1,464.39551604133766,1,1,0,18551.04961384872,48,12.434286897224066,1,"Applying for financing to cover the costs of the project, the government will also have to pay for the costs of the project.",0.9944987893104553,1,0,0,0,0,0,0,0,0,0,0,0,0,0,1,0,0,0,0,0,0,0,0,0,0,1,0,0,0,0,0
23,0.0,1,2303.304284673753,0,529,2,1416.6552472064277,3,1,1,10675.032483460516,48,14.129918913813018,1,"Need funds for the project, and the team will also be working on the project.",0.7406983375549316,1,0,0,0,0,0,0,0,0,0,1,0,0,0,1,0,0,0,1,0,0,0,0,0,0,0,1,0,0,0,0
21,3.0,2,4336.68844859971,0,573,2,1802.8040669308184,0,1,1,35833.040645179055,72,17.038871286923772,0,I need a car loan to buy a vehicle for the next three years.,0.9990642666816711,1,0,0,0,0,1,0,0,0,0,0,0,0,0,1,0,1,0,0,1,0,0,0,0,0,0,0,0,0,0,0
33,3.0,11,10708.58564200492,0,762,1,1056.8994871401146,5,1,0,28175.863619907665,12,5.836090067013785,0,I need a personal loan for me.,0.9985173344612122,1,0,0,0,0,1,0,0,0,0,0,0,0,0,1,0,0,0,1,0,0,0,1,0,0,0,0,0,0,0,0
23,1.0,4,2216.480856351817,0,632,0,875.4839732715842,3,0,1,144612.42617393265,360,10.581306769682016,0,I am applying for a home loan to purchase a house in the United States.,0.9913657903671265,1,0,0,0,0,0,0,0,0,0,0,0,1,0,1,0,0,1,0,0,0,0,0,1,0,0,0,0,0,0,0
46,2.0,26,8458.10538433167,1,665,3,1785.743751521926,3,1,1,51663.22476394469,180,10.31007138261442,1,Applying for business credit to a credit card is not a valid credit card.,0.9997792840003967,0,0,1,0,1,0,0,0,0,0,0,0,0,1,0,0,0,1,0,0,0,0,0,0,0,0,0,0,0,0,0
56,1.0,23,8347.23886083569,3,670,3,3137.9857836938577,7,0,1,29729.62274533397,36,7.727452433190129,0,Need funds for the project.,0.9833061099052429,1,0,0,0,0,1,0,0,0,0,0,0,0,1,0,0,0,1,0,0,0,0,0,0,0,0,1,0,0,0,0
19,1.0,0,175.8027237342108,0,487,3,64.75273704666553,1,1,1,155200.571818915,120,13.16966315914921,1,I need a business loan to expand my business.,0.9976586103439331,0,0,0,1,0,0,0,0,1,0,0,0,0,0,1,0,0,0,1,0,0,0,0,0,0,0,0,0,0,0,0
69,3.0,33,5601.121345177153,1,803,2,811.3082097470591,28,1,0,13609.593301105831,48,4.531983876516881,0,I need a personal loan for the rest of my life.,0.9969384670257568,1,0,0,0,0,0,0,0,0,0,0,0,1,1,0,0,1,0,0,0,0,0,0,0,0,0,0,1,0,0,0
50,1.0,10,5675.659494534795,3,630,1,1655.648036702354,8,1,1,13229.341165308702,60,11.757967465912555,1,Need to refinance existing loans because the company is still in the process of making sure the loans are repaid.,0.9971714615821838,0,0,1,0,0,0,1,0,0,0,0,0,0,1,0,0,1,0,0,0,1,0,0,0,0,0,0,0,0,0,0
30,4.0,5,14979.90458729828,0,756,1,2099.337713175085,3,1,1,19095.43701437928,24,5.6403739314898536,1,Applying for financing to cover the cost of a new housing project.,0.9389481544494629,1,0,0,0,0,1,0,0,0,0,0,0,0,0,1,0,0,1,0,0,0,0,0,0,1,0,0,0,0,0,0
19,3.0,0,2014.3664131631856,0,560,2,631.1689646858803,1,0,1,26585.019171425047,60,15.047605637495192,1,Home Improvement: unknown,0.0,0,0,0,1,0,0,1,0,0,0,0,0,0,0,1,0,0,0,1,0,0,0,1,0,0,0,0,0,0,0,1
19,2.0,0,3028.971694659317,0,597,2,1156.003454422025,1,1,1,108582.12010091783,180,18.92049942705412,1,Home Purchase: unknown,0.0,1,0,0,0,0,1,0,0,0,0,0,0,0,0,1,0,0,0,1,0,0,0,0,1,0,0,0,0,0,0,1
64,4.0,27,19194.485085750355,2,770,1,3448.5503192600445,14,1,1,6852.635564371677,24,5.509536362983617,0,Applying for financing to cover the costs of the project.,0.9215720891952515,0,0,1,0,0,0,0,0,0,0,0,0,1,0,0,1,0,1,0,0,0,0,0,0,1,0,0,0,0,0,0
28,2.0,6,4895.208530470233,0,635,1,1556.1123268451115,9,1,1,491389.46716182906,360,10.302383500646403,1,Need mortgage financing for a mortgage.,0.9898561239242554,0,1,0,0,0,0,1,0,0,0,0,0,0,0,1,0,0,0,0,0,0,0,0,1,0,0,0,0,0,0,0
40,1.0,10,17033.323950977425,0,706,0,4719.766062526877,6,1,1,18389.680309346928,60,7.566655906150272,0,"I want to consolidate my debts to the banks, but I will not do that.",0.9986183643341064,0,0,1,0,0,0,0,0,1,0,0,0,0,0,1,0,0,1,0,0,1,0,0,0,0,0,0,0,0,0,0
20,0.0,1,2448.6476335858,0,529,1,864.4880719958516,0,1,1,8889.285921732557,12,17.414066591081646,1,Applying for financing to cover the cost of the project.,0.9172947406768799,0,0,1,0,1,0,0,0,0,0,0,0,0,0,1,0,0,0,1,0,0,0,0,0,0,0,0,1,0,0,0
64,2.0,11,8356.573516374405,0,759,1,1953.349932314582,16,1,1,24752.11592810217,60,5.128418027470615,0,Applying for financing to cover the costs of the project.,0.9215720891952515,1,0,0,0,0,0,0,0,0,0,0,0,0,0,1,0,0,1,0,0,0,0,0,0,0,0,0,1,0,0,0
38,1.0,13,4735.478180786025,0,593,2,1441.4595933494254,13,1,0,44890.62352753548,84,19.119837294271665,0,"Applying for student financing for a college degree is not an option, but it is not a requirement.",0.9586800932884216,1,0,0,0,0,1,0,0,0,0,0,0,0,0,0,0,0,1,0,0,0,1,0,0,0,0,0,0,0,0,0
22,2.0,1,1762.0893680149784,0,519,2,937.5515644543858,3,0,1,34800.97091248155,36,18.464009080746575,1,Applying for auto financing to purchase a car,0.84236741065979,1,0,0,0,0,0,0,0,0,1,0,0,0,1,0,0,0,0,1,1,0,0,0,0,0,0,0,0,0,0,0
23,1.0,2,1369.6105625916914,0,607,1,513.2622934421485,1,1,1,96794.48237288606,240,11.063185045440871,1,Seeking financing to start my own family business.,0.9708797931671143,0,1,0,0,0,1,0,0,0,0,0,0,0,0,1,0,0,0,0,0,0,0,0,0,0,0,0,0,0,0,0
32,2.0,7,5814.51327238697,0,593,1,2942.252563871431,9,1,1,27858.51106666209,36,19.327671456329224,1,I need a personal loan for me.,0.9985173344612122,1,0,0,0,0,0,0,0,0,0,0,0,0,0,1,0,0,1,0,0,0,0,1,0,0,0,0,0,0,0,0
36,2.0,13,7333.670829791963,0,773,2,1646.7468175407896,9,0,1,42887.01050563139,12,5.506608274489276,0,I want to consolidate my debts to the point where I'm not able to pay my bills.,0.9997900128364563,1,0,0,0,0,0,0,0,0,0,1,0,0,0,1,0,0,0,1,0,1,0,0,0,0,0,0,0,0,0,0
23,2.0,0,1653.603329560775,2,517,2,991.208336586792,1,1,1,54162.03285665667,240,15.420678939236758,1,Seeking financing to start my own company.,0.9868311882019043,0,1,0,0,0,0,1,0,0,0,0,0,0,0,1,0,0,0,0,0,0,0,0,0,0,0,0,0,0,0,0
25,3.0,4,10619.6232928974,0,650,0,4731.890874369914,2,1,1,29564.57516982632,360,12.379739373989493,1,I need a business loan to expand my business.,0.9976586103439331,1,0,0,0,0,0,0,0,0,0,1,0,0,0,1,0,0,0,0,0,0,0,0,0,0,0,0,0,0,0,0
37,1.0,12,8530.072802383427,2,765,2,744.0541919137825,3,0,1,13289.117476679843,12,4.017689523027138,0,Applying for financing to cover the costs of the project.,0.9215720891952515,1,0,0,0,0,0,0,1,0,0,0,0,0,1,0,0,0,1,0,0,0,0,0,0,0,0,1,0,0,0,0
24,3.0,0,4439.869714816879,3,613,2,1489.7439926049608,4,0,1,89297.29049985029,120,11.285353762385904,1,I need an education loan to pursue a career in economics.,0.9981145858764648,0,0,0,1,0,0,0,0,0,0,0,0,1,1,0,0,1,0,0,0,0,1,0,0,0,0,0,0,0,0,0
35,3.0,12,18432.898634612808,1,705,1,4496.728736059413,15,1,1,22703.045872515635,48,7.523198955441945,0,Applying for financing to cover costs of the project.,0.925628662109375,0,0,1,0,0,0,0,0,0,1,0,0,0,0,0,0,0,1,0,0,0,0,0,0,0,0,0,1,0,0,0
52,3.0,15,13481.717154020283,2,696,2,4939.827850507509,6,1,0,20279.030318136003,72,7.88492732517896,1,I need a car loan to buy a vehicle for a certain amount of time.,0.9980037808418274,0,0,1,0,0,1,0,0,0,0,0,0,0,1,0,0,0,0,1,1,0,0,0,0,0,0,0,0,0,0,0
38,3.0,5,9585.100490825012,0,717,0,2876.768687046578,20,1,1,141381.4180455947,360,8.24323583777488,0,"Seeking financing to start my own startup, and to have a good idea of what it means to be a startup.",0.999297022819519,1,0,0,0,0,0,0,0,0,0,0,1,0,1,0,0,0,0,1,0,0,0,0,0,0,0,0,0,0,1,0
22,1.0,3,1733.3510886874906,0,493,1,1179.306320169551,3,0,0,28606.289928129183,36,17.45482518212208,1,Need funds for the upcoming game.,0.9951817393302917,0,1,0,0,0,0,0,0,0,0,0,0,1,0,1,0,0,0,1,0,0,0,0,0,1,0,0,0,0,0,0
64,3.0,35,6021.694778954399,1,677,2,1371.4447415365532,21,1,1,20842.58747861255,72,8.436602796015976,0,Applying for auto financing to purchase a car.,0.8946273326873779,1,0,0,0,0,0,0,1,0,0,0,0,0,1,0,0,1,0,0,1,0,0,0,0,0,0,0,0,0,0,0
26,1.0,1,5461.005336730569,3,626,1,3001.818908569544,4,1,1,19539.693324017244,36,11.134261930058717,1,Applying for financing to cover the cost of the project.,0.9172947406768799,1,0,0,0,0,0,0,0,0,0,0,1,0,1,0,0,0,1,0,0,0,0,0,0,0,0,1,0,0,0,0
45,2.0,8,11904.753677977144,2,660,2,3812.614707841416,24,0,1,233127.2649523645,120,9.172002118080798,0,Home Purchase: unknown,0.0,1,0,0,0,0,0,0,0,0,0,0,1,0,1,0,0,0,1,0,0,0,0,0,1,0,0,0,0,0,0,1
67,3.0,4,8743.290183308978,3,810,0,1397.041340798614,4,1,0,10043.261558255896,12,3.719670278106642,0,Applying for financing to cover the costs of the project.,0.9215720891952515,1,0,0,0,0,0,0,0,0,1,0,0,0,1,0,0,0,1,0,0,0,0,0,0,0,1,0,0,0,0,0
43,2.0,14,5464.36225992839,1,651,2,1783.5339250485565,25,1,1,186918.45554774156,360,9.487808306934204,0,Seeking financing to start my own online business.,0.9848469495773315,1,0,0,0,0,0,0,1,0,0,0,0,0,1,0,0,0,1,0,0,0,0,0,0,0,0,0,0,0,0,0
44,1.0,2,6806.089450761245,2,639,2,2756.717928578222,5,0,1,76614.52318853168,84,12.198425074123026,0,Applying for student financing for the school.,0.9649717807769775,0,0,1,0,0,0,0,0,0,0,1,0,0,0,0,0,0,0,1,0,0,1,0,0,0,0,0,0,0,0,0
19,0.0,0,3941.2331424740632,0,457,4,2373.4138255622997,0,1,1,13276.868467454413,12,18.77398342089617,1,I need a personal loan for my children to pay off their debts.,0.9991703033447266,0,0,0,1,0,0,0,0,0,0,0,0,0,0,1,0,0,1,0,0,0,0,0,0,1,0,0,0,0,0,0
18,2.0,0,1169.0340154338614,0,629,1,451.8919662212928,0,1,1,126975.44274760089,120,10.678913714307694,0,Home Purchase: unknown,0.0,0,1,0,0,0,0,0,0,0,0,1,0,0,0,1,0,0,1,0,0,0,0,0,1,0,0,0,0,0,0,1
29,3.0,3,10222.1785452513,0,692,0,3588.2291574021924,10,0,1,29907.819796342883,36,7.823751532786373,0,Applying for auto financing to purchase a car is a very important part of the process.,0.9902342557907104,1,0,0,0,0,0,0,1,0,0,0,0,0,0,0,0,0,0,1,1,0,0,0,0,0,0,0,0,0,1,0
32,2.0,0,2747.0711921522666,0,555,1,1278.5883625745375,6,1,1,28888.092398873367,48,14.370445899784825,1,Applying for financing to cover the cost of the project.,0.9172947406768799,0,0,0,1,0,0,0,0,0,0,0,1,0,0,1,0,0,1,0,0,0,0,0,0,0,1,0,0,0,0,0
52,2.0,28,9392.727338424089,0,729,0,3316.238865484354,26,1,0,14601.06595977751,60,8.466506594167493,0,I need a personal loan for me.,0.9985173344612122,1,0,0,0,0,1,0,0,0,0,0,0,0,0,1,0,0,1,0,0,0,0,0,0,0,0,1,0,0,0,0
23,3.0,1,2722.961909108432,0,598,4,1404.990162077169,1,1,1,15273.563808752748,60,17.41013076433179,1,Need funds for the project.,0.9833061099052429,0,1,0,0,0,0,0,0,0,0,0,0,0,0,1,0,1,0,0,0,0,0,0,0,0,0,1,0,0,0,0
23,3.0,2,3622.957635617332,0,550,1,2311.720072888808,5,0,1,246836.02651671253,120,15.26990508451429,1,Looking to buy a house for my family because I was in debt.,0.9981468915939331,0,0,1,0,0,0,0,0,0,0,0,0,0,0,1,0,0,1,0,0,0,0,0,1,0,0,0,0,0,0,0
60,3.0,21,3436.687933692007,1,616,0,1491.075959640647,4,0,1,15176.617321547334,12,11.714522187881904,0,Need to refinance existing loans because they are not eligible for new loans.,0.9976136684417725,0,1,0,0,0,0,0,0,1,0,0,0,0,1,0,0,0,1,0,0,1,0,0,0,0,0,0,0,0,0,0
51,4.0,14,10356.693627391816,2,788,2,1499.2553274425152,4,1,1,7603.000225122227,12,5.856810797735281,0,Applying for debt consolidation to reduce debt load.,0.9557139277458191,1,0,0,0,0,0,1,0,0,0,0,0,0,1,0,0,0,0,1,0,1,0,0,0,0,0,0,0,0,0,0
25,3.0,3,7528.553838660368,1,637,1,1996.3297302427927,5,0,0,36925.99568869245,72,11.118983871076283,0,"Looking to finance a car because it is a luxury car, and it is the best car to buy.",0.9998403787612915,0,1,0,0,0,0,0,0,0,0,0,0,0,1,0,0,0,0,0,1,0,0,0,0,0,0,0,0,0,1,0
63,3.0,9,9866.421557058666,3,728,3,3337.811586958337,15,1,1,391639.16812265816,360,6.29067166939451,1,"I am applying for a home loan to purchase a new home, but I have to wait and see if I can get it.",0.9993701577186584,1,0,0,0,0,0,1,0,0,0,0,0,0,1,0,0,0,1,0,0,0,0,0,1,0,0,0,0,0,0,0
25,4.0,0,9724.593616178196,3,724,3,1871.70972935104,0,1,1,21424.99723794754,60,7.055685065997202,0,Applying for student financing for the university‬s financial aid program.,0.9494664072990417,1,0,0,0,0,0,0,0,0,1,0,0,0,1,0,0,1,0,0,0,0,1,0,0,0,0,0,0,0,0,0
41,1.0,7,7203.039750226077,0,811,0,1297.8270962342112,1,0,1,6410.289475677506,36,5.846381772539376,0,I need a personal loan for this to be able to pay for the loan.,0.9992250204086304,1,0,0,0,0,0,0,0,0,0,0,0,0,0,1,0,0,1,0,0,0,0,0,0,0,1,0,0,0,0,0
26,4.0,0,15376.90408826867,0,671,4,4606.128087280072,2,0,0,26520.661730791784,120,8.95821147541794,1,Applying for student financing for a school district that has not been able to provide the funding for a school district that has not been able to provide the funding,0.9995978474617004,0,0,1,0,0,0,0,0,0,0,1,0,0,0,1,0,0,1,0,0,0,1,0,0,0,0,0,0,0,0,0
62,5.0,29,11029.919302520388,0,772,1,2129.9950298629437,14,0,1,19727.71336177237,48,5.775847755143836,0,Applying for financing to cover the costs of the project.,0.9215720891952515,1,0,0,0,0,0,0,1,0,0,0,0,0,0,1,0,1,0,0,0,0,0,0,0,1,0,0,0,0,0,0
63,5.0,15,9584.051275290043,0,788,2,1393.2210138935227,9,0,0,22193.051060764017,24,5.23133107884277,0,"Need funds for a new school, which is expected to be the first in the country to open its doors in the first half of 2017.",0.6398888826370239,1,0,0,0,0,0,0,0,0,0,0,0,0,0,1,0,0,1,0,0,0,0,0,0,0,0,0,1,0,0,0
20,2.0,0,1866.645740271928,1,575,3,812.7500312361807,0,1,0,19386.023163266636,48,15.146717801816532,1,Personal: unknown,0.0,0,1,0,0,0,0,0,0,0,1,0,0,0,0,1,0,0,0,1,0,0,0,0,0,0,1,0,0,0,0,1
24,0.0,0,2180.9081258149217,0,634,1,905.7314624712614,6,1,1,139583.27802895635,360,13.042340682710146,1,I am applying for a home loan to purchase a home in the United States.,0.9921103119850159,1,0,0,0,0,0,0,0,0,0,0,1,0,0,1,0,0,1,0,0,0,0,0,1,0,0,0,0,0,0,0
34,3.0,7,5073.327122577695,1,562,1,2679.4946943496902,4,1,0,10866.05204638634,12,14.066912093312922,1,I need a personal loan for me.,0.9985173344612122,0,1,0,0,0,0,0,0,0,1,0,0,0,0,1,0,0,0,1,0,0,0,0,0,0,0,0,1,0,0,0
59,3.0,27,10654.65992598439,0,730,1,3253.2525676771834,18,1,1,18979.620170733164,60,7.098027660284664,0,Need funds for the project.,0.9833061099052429,1,0,0,0,0,0,1,0,0,0,0,0,0,0,0,0,0,1,0,0,0,0,0,0,0,0,1,0,0,0,0
53,1.0,11,7096.897674370301,0,666,4,1180.9701593568454,10,1,1,25537.823685186024,60,10.365749751749828,0,Applying for financing to cover costs of the project.,0.925628662109375,1,0,0,0,0,0,0,0,1,0,0,0,0,0,0,1,0,1,0,0,0,0,0,0,0,0,0,1,0,0,0
20,0.0,0,4544.769379228929,0,491,4,2144.698467159133,1,0,1,76373.83775495346,120,14.359701850036304,1,I need an education loan to pursue a career in the field of finance.,0.9966446161270142,0,0,0,1,0,1,0,0,0,0,0,0,0,0,1,0,0,0,0,0,0,1,0,0,0,0,0,0,0,0,0
27,2.0,8,4984.773197877796,1,620,3,1773.0472644834922,6,1,1,10851.44437543748,24,11.074000304789982,1,Applying for financing to cover the costs of the project.,0.9215720891952515,0,1,0,0,0,1,0,0,0,0,0,0,0,0,1,0,0,0,1,0,0,0,0,0,0,0,0,1,0,0,0
20,1.0,0,2981.1843109696297,0,544,2,1345.3585544279877,2,1,1,33865.12232396194,36,15.118973983869898,1,Debt Consolidation: unknown,0.0,1,0,0,0,0,1,0,0,0,0,0,0,0,0,1,0,0,1,0,0,1,0,0,0,0,0,0,0,0,0,1
42,0.0,4,13607.55061516301,3,627,1,5230.950168382433,22,1,0,25905.6244735703,36,10.557049079553384,1,I need a car loan to buy a vehicle for a living.,0.9988601207733154,0,0,1,0,0,0,0,0,0,1,0,0,0,1,0,0,0,1,0,1,0,0,0,0,0,0,0,0,0,0,0
21,1.0,1,1438.8376333535132,0,500,3,738.8367218523941,2,0,1,24426.77478307188,24,13.863129439116308,1,Need funds for a new project.,0.9936864972114563,0,1,0,0,0,0,0,0,0,0,0,0,1,0,1,0,0,0,1,0,0,0,0,0,0,0,1,0,0,0,0
44,3.0,10,18196.42952704298,2,713,1,7179.621227755452,23,1,1,28272.66987098025,120,7.752491875283104,1,Need funding for my education in the United States is $1.,0.9831817746162415,1,0,0,0,0,1,0,0,0,0,0,0,0,1,0,0,0,0,1,0,0,1,0,0,0,0,0,0,0,0,0
19,2.0,0,1910.286098989476,3,601,1,666.5357498631146,1,1,0,73741.8045744854,240,11.205699647194232,1,Seeking financing to start my own project.,0.9866609573364258,1,0,0,0,0,0,0,0,1,0,0,0,0,1,0,0,0,0,1,0,0,0,0,0,0,0,0,0,0,0,0
19,3.0,0,2467.3195988572074,0,636,0,1107.3314418758566,0,0,0,18305.631286593158,84,12.198334626888574,0,I need an education loan to pursue a career in finance.,0.9976776242256165,0,1,0,0,0,0,0,0,0,1,0,0,0,0,1,0,0,0,1,0,0,1,0,0,0,0,0,0,0,0,0
66,3.0,25,5814.144581650004,2,620,1,1555.5765332538735,12,1,1,62948.24609423246,120,12.64141331417074,1,"Applying for student financing for the state’s public schools, the state’s public schools, and the federal government’s public schools",0.829371452331543,0,0,1,0,0,0,0,0,0,0,1,0,0,0,0,0,0,0,1,0,0,1,0,0,0,0,0,0,0,0,0
61,3.0,39,6106.208479181895,2,688,3,1202.9470635181456,14,1,0,21328.418332296387,36,9.440052470467831,1,I need a personal loan for my family.,0.9983909130096436,1,0,0,0,0,0,1,0,0,0,0,0,0,1,0,0,0,0,0,0,0,0,0,0,1,0,0,0,0,0,0
45,0.0,13,8356.741675504903,0,733,1,1992.814171395156,18,0,1,315413.3368418893,180,5.771010881732824,1,Need mortgage financing for your home.,0.9979749321937561,1,0,0,0,0,0,0,0,0,1,0,0,0,1,0,0,1,0,0,0,0,0,0,1,0,0,0,0,0,0,0
65,1.0,23,5208.771977380879,0,636,0,1351.2377595257858,11,0,1,7913.101187268854,12,13.0226436192544,1,I need a personal loan for me.,0.9985173344612122,0,0,1,0,0,0,0,0,0,0,0,0,0,1,0,0,0,1,0,0,0,0,0,0,1,0,0,0,0,0,0
26,3.0,2,6864.8886535697775,0,742,2,1839.0628045533829,1,1,1,47065.68227325417,120,8.288587432743478,1,Applying for student financing for the university.,0.9011274576187134,0,1,0,0,0,0,0,1,0,0,0,0,0,1,0,0,0,0,1,0,0,1,0,0,0,0,0,0,0,0,0
36,3.0,4,9030.13117978239,2,656,2,3410.686576405756,1,0,1,34159.51941329041,48,8.712955659357917,1,I need a car loan to buy a vehicle for a long time.,0.9990003705024719,1,0,0,0,0,0,0,0,0,0,0,0,0,1,0,0,0,1,0,1,0,0,0,0,0,0,0,0,0,0,0
43,2.0,19,13264.151780078932,1,776,0,2005.428085509408,16,1,1,29876.750466670805,84,3.590047045728566,0,Applying for student financing for a project.,0.9012236595153809,1,0,0,0,0,0,0,1,0,0,0,0,0,1,0,0,1,0,0,0,0,1,0,0,0,0,0,0,0,0,0
42,3.0,0,6637.0962189633865,3,716,0,1130.0296966214266,21,1,1,440403.0032125685,360,6.714175191488976,0,Need mortgage financing for your home.,0.9979749321937561,0,1,0,0,0,0,0,1,0,0,0,0,0,1,0,0,0,0,1,0,0,0,0,1,0,0,0,0,0,0,0
52,1.0,2,3703.063508256359,1,644,3,966.1917385792556,25,1,1,161268.47661225862,180,11.635209257983512,1,Business: unknown,0.0,0,1,0,0,0,0,0,0,0,1,0,0,0,1,0,0,0,1,0,0,0,0,0,0,0,0,0,0,0,0,1
23,0.0,2,1886.826506849164,0,549,2,1113.9458348010785,5,1,1,28517.209158144437,36,13.69090004004377,1,I need a personal loan for me.,0.9985173344612122,1,0,0,0,0,0,0,0,0,0,0,0,1,0,1,0,0,0,1,0,0,0,0,0,0,1,0,0,0,0,0
49,2.0,0,4935.985240138303,2,602,1,1308.1945780978317,18,0,0,28054.189006549797,48,13.004920755632329,1,I want to consolidate my debts to the people of the country.,0.9939343333244324,0,0,0,1,0,0,0,0,0,0,0,0,0,1,0,0,0,1,0,0,1,0,0,0,0,0,0,0,0,0,0
40,3.0,10,10783.853472810664,2,728,1,1811.914750195236,20,1,1,174939.8547178405,180,8.36950419489844,0,Looking to buy a house for my family because they are going to be very upset.,0.9991125464439392,0,0,1,0,0,0,0,0,0,0,1,0,0,1,0,0,0,0,1,0,0,0,0,1,0,0,0,0,0,0,0
47,3.0,13,9889.929926188006,2,736,1,1841.635566751488,4,0,1,353535.6659969887,180,6.773893479370873,1,Home Purchase: unknown,0.0,1,0,0,0,0,0,0,0,0,0,1,0,0,1,0,0,0,1,0,0,0,0,0,1,0,0,0,0,0,0,1
64,2.0,35,8900.541580717168,2,706,0,2969.6165743623246,18,0,1,12512.234640010807,24,7.877564175888757,0,Applying for financing to cover the costs associated with the project.,0.96112060546875,1,0,0,0,0,0,0,0,0,1,0,0,0,1,0,0,1,0,0,0,0,0,0,0,0,1,0,0,0,0,0
19,1.0,0,1291.249564191744,0,555,3,709.0480683663475,0,0,1,12057.578000284992,24,17.836593258118008,1,I need a personal loan for me.,0.9985173344612122,0,1,0,0,1,0,0,0,0,0,0,0,0,0,1,0,0,0,1,0,0,0,0,0,0,1,0,0,0,0,0
46,3.0,15,13812.21904849731,2,658,2,2298.728387565379,27,0,1,421434.6658432537,360,9.33536594264653,0,Need mortgage financing for the remainder of this year.,0.9911346435546875,0,0,0,0,0,0,0,1,0,0,0,0,0,1,0,0,0,1,0,0,0,0,0,1,0,0,0,0,0,0,0
23,3.0,0,3609.928733377089,0,601,0,1143.0201934220006,5,1,1,20787.88306003145,60,13.771638815650077,0,Need funding for my education in the United States is $10 million.,0.978205144405365,1,0,0,0,0,0,0,1,0,0,0,0,0,0,1,0,0,0,0,0,0,1,0,0,0,0,0,0,0,0,0
64,1.0,32,4004.9969975537406,0,681,2,839.229880373346,23,1,0,7486.034818983629,24,10.027934261494806,0,Applying for financing to cover the cost of the project.,0.9172947406768799,0,1,0,0,0,0,1,0,0,0,0,0,0,0,1,0,0,0,1,0,0,0,1,0,0,0,0,0,0,0,0
48,3.0,8,9787.090261494435,0,717,3,3239.044315824972,7,1,1,27636.71730343539,48,7.251499817876268,1,Need funds for the construction of a new subway station.,0.9967824220657349,0,0,1,0,0,1,0,0,0,0,0,0,0,0,0,1,0,1,0,0,0,0,0,0,0,0,1,0,0,0,0
50,3.0,5,6944.047540451731,0,717,1,1062.7074435865852,21,1,1,29246.970667690977,36,8.173429341094213,0,I need a personal loan for my family.,0.9983909130096436,1,0,0,0,0,1,0,0,0,0,0,0,0,1,0,0,0,1,0,0,0,0,0,0,0,0,0,1,0,0,0
33,2.0,4,3119.391382006957,1,572,4,1593.7243999536702,4,0,1,27270.80370724084,12,16.215125817491515,1,Applying for financing to cover the costs of the project.,0.9215720891952515,0,1,0,0,0,0,0,0,0,0,0,1,0,0,0,0,0,1,0,0,0,0,0,0,0,0,0,1,0,0,0
29,2.0,0,886.5562676132243,0,523,2,535.0902838315153,10,1,1,26674.12199373288,120,15.828563706453169,1,Need funding for my education in the past few years.,0.9937805533409119,0,0,0,1,0,0,0,0,0,0,0,0,0,0,1,0,0,1,0,0,0,1,0,0,0,0,0,0,0,0,0
24,1.0,1,3346.805115478985,0,572,4,906.0172309533432,6,1,0,20065.50688508056,36,17.449517253668294,1,"I want to consolidate my debts to the people of the United States,"" he said.",0.987982988357544,1,0,0,0,0,0,0,0,0,0,1,0,0,0,1,0,0,0,1,0,1,0,0,0,0,0,0,0,0,0,0
53,1.0,13,7637.914508143769,1,707,3,2124.514954455694,21,1,1,97280.45556334696,360,6.81149616645048,0,Applying for business credit to the lender.,0.9032917618751526,0,0,1,0,0,0,0,0,0,0,0,0,0,1,0,0,0,0,1,0,0,0,0,0,0,0,0,0,0,0,0
48,2.0,7,5124.759223215741,0,628,2,1755.9509984283195,24,0,0,12338.369811466511,12,11.331123475843182,1,Applying for financing to cover the costs of the project.,0.9215720891952515,1,0,0,0,0,0,0,0,0,0,0,0,1,1,0,0,0,1,0,0,0,0,0,0,1,0,0,0,0,0,0
18,1.0,0,1554.8255036001087,1,546,2,669.9372717010573,0,1,1,79886.52645531652,240,13.728760073892015,0,Applying for business credit to the bank account is not permitted under the Federal Deposit Insurance Corporation Act.,0.9870076775550842,0,1,0,0,0,0,0,0,0,0,1,0,0,0,1,0,0,0,0,0,0,0,0,0,0,0,0,0,0,0,0
31,2.0,5,4490.999096782708,0,619,3,2392.6844969692124,2,0,1,9160.485948290068,24,10.60823891111213,1,Need funds for the next six months.,0.9947971701622009,0,1,0,0,0,0,0,0,1,0,0,0,0,0,1,0,0,1,0,0,0,0,0,0,1,0,0,0,0,0,0
23,3.0,1,2766.3001195323045,0,554,2,1093.258880159734,2,0,0,32993.34048929409,36,17.01129540433311,0,I need a car loan to buy a vehicle for the next year.,0.9990096092224121,1,0,0,0,0,0,0,0,0,0,0,0,1,1,0,0,0,0,0,1,0,0,0,0,0,0,0,0,0,0,0
45,4.0,23,12904.174278553854,0,732,0,2150.039726520407,12,0,0,159140.13366820232,120,7.845879931473878,0,Business: unknown,0.0,0,0,1,0,0,0,0,0,1,0,0,0,0,0,1,0,1,0,0,0,0,0,0,0,0,0,0,0,0,0,1
69,2.0,30,2563.1494042592203,0,736,1,979.9486642996332,8,0,0,91364.64400657856,360,8.026976514249803,0,Business: unknown,0.0,0,1,0,0,1,0,0,0,0,0,0,0,0,0,0,0,1,0,0,0,0,0,0,0,0,0,0,0,0,0,1
69,2.0,13,9039.68298803483,2,743,0,2835.095920509024,27,0,1,11831.488174955231,48,5.9531736753427005,0,I need a personal loan for me.,0.9985173344612122,1,0,0,0,0,0,0,0,0,0,0,0,0,0,0,1,0,1,0,0,0,0,0,0,0,0,1,0,0,0,0
36,3.0,3,7686.623692855833,0,746,1,1700.4212533466532,15,1,1,257551.4877242003,120,7.117483830025764,0,I am applying for a home loan to purchase a home.,0.9946223497390747,1,0,0,0,0,0,0,1,0,0,0,0,0,0,1,0,0,1,0,0,0,0,0,1,0,0,0,0,0,0,0
25,2.0,1,7117.984312102415,3,665,2,2161.999228276324,0,1,1,255129.05863680012,120,7.852781110555603,0,"Need mortgage financing for home buyers is under way, and the new rules will allow lenders to charge more for mortgage loans, according to a report from",0.9815053343772888,1,0,0,0,0,0,0,0,0,1,0,0,0,1,0,0,0,0,1,0,0,0,0,1,0,0,0,0,0,0,0
23,1.0,4,2846.5789370364123,0,532,3,1114.7374962899323,0,1,1,24117.97853690698,60,16.047269550186655,1,Applying for financing to cover expenses incurred by the government of the project.,0.9647457599639893,1,0,0,0,0,0,0,0,0,0,1,0,0,0,1,0,0,0,1,0,0,0,1,0,0,0,0,0,0,0,0
59,2.0,26,12501.880748488804,2,697,2,4380.169155352808,5,0,0,18467.50465228464,48,8.4351458100974,1,Applying for financing to cover the costs of the project.,0.9215720891952515,0,0,1,0,0,0,0,0,0,0,0,0,0,0,0,0,0,0,0,0,0,0,0,0,0,0,0,1,0,0,0
67,1.0,34,7213.414840131774,0,676,2,2029.6829356863725,4,1,0,161164.25686235778,120,8.854775661174708,0,I am applying for a home loan to purchase a new home.,0.9955964684486389,0,0,1,0,0,0,0,0,1,0,0,0,0,1,0,0,1,0,0,0,0,0,0,1,0,0,0,0,0,0,0
34,1.0,9,11565.633797947978,0,666,2,3802.741228002434,15,0,1,12047.976072618228,24,8.167540956568132,0,Applying for financing to cover the costs of the loan.,0.9323015809059143,0,0,1,0,0,0,0,0,0,0,0,1,0,0,1,0,0,1,0,0,0,0,0,0,0,0,0,1,0,0,0
67,3.0,27,8342.28215492144,3,655,2,2920.8280804607925,6,1,1,10757.9829201877,12,9.104367996695974,1,Need funds for the development of the new game.,0.9969606995582581,1,0,0,0,0,0,0,0,0,0,0,0,1,1,0,0,0,0,1,0,0,0,0,0,1,0,0,0,0,0,0
19,3.0,0,1554.2184186125285,0,539,1,795.0373293444871,1,1,1,25684.250556260256,36,14.490481653378207,1,I need a car loan to buy a vehicle for a living.,0.9988601207733154,0,1,0,0,0,0,0,0,0,0,0,1,0,0,1,0,0,0,1,1,0,0,0,0,0,0,0,0,0,0,0
51,2.0,23,6379.896238312325,0,759,2,1253.7416053724658,2,0,1,10373.509464768918,24,4.1556601107495625,0,I need a personal loan for my house.,0.9988744854927063,1,0,0,0,0,0,1,0,0,0,0,0,0,0,0,1,0,0,1,0,0,0,1,0,0,0,0,0,0,0,0
19,2.0,0,2931.619692479224,0,632,0,1585.3856552756165,0,0,1,105583.91739162192,180,10.092744047172106,1,I am applying for a home loan to purchase a new home.,0.9955964684486389,1,0,0,0,0,0,0,0,0,0,0,0,0,0,1,0,0,0,1,0,0,0,0,1,0,0,0,0,0,0,0
60,1.0,0,4718.94444603979,3,629,2,1435.4862455718446,9,1,1,29229.873276692186,36,13.164016296261629,1,"I need a car loan to buy a vehicle for a living,” he said.",0.9972363114356995,0,0,0,1,0,0,0,0,1,0,0,0,0,1,0,0,1,0,0,1,0,0,0,0,0,0,0,0,0,0,0
45,3.0,4,13721.46002877144,1,699,2,3792.298566786545,22,0,0,8601.96965032999,12,8.4577414625127,0,Need funds for the project.,0.9833061099052429,1,0,0,0,0,0,0,0,0,0,0,1,0,1,0,0,1,0,0,0,0,0,0,0,0,0,1,0,0,0,0
22,1.0,3,1774.848127116048,0,540,0,1187.886499218827,4,1,1,28651.890451720785,48,13.920957146475482,1,I need a personal loan for me.,0.9985173344612122,0,1,0,0,0,0,0,0,1,0,0,0,0,0,1,0,0,0,1,0,0,0,0,0,0,0,0,1,0,0,0
20,3.0,0,1224.4748186918976,0,517,1,485.3484350129593,2,0,1,18328.03698741037,12,13.404454344441763,1,I need a personal loan for a few months.,0.998241662979126,0,1,0,0,0,0,0,0,0,0,0,1,0,0,1,0,0,0,1,0,0,0,0,0,1,0,0,0,0,0,0
34,1.0,9,5421.241828878159,0,592,1,2082.459990015893,2,0,0,28360.01080871316,36,14.24378053664072,1,I need a personal loan for me.,0.9985173344612122,1,0,0,0,0,0,0,0,0,0,0,1,0,1,0,0,0,0,1,0,0,0,0,0,1,0,0,0,0,0,0
27,3.0,1,12998.84407484947,1,674,1,3343.4214181769185,3,1,1,21915.28620407709,24,9.298042839051533,1,I need a personal loan for the next two years.,0.9982693195343018,1,0,0,0,0,0,0,1,0,0,0,0,0,1,0,0,0,1,0,0,0,0,0,0,0,0,1,0,0,0,0
19,3.0,0,1206.5159976867335,0,480,3,561.3756445303196,1,1,1,136995.4549382916,120,16.68618901116769,1,I am applying for a home loan to purchase a home in the United States.,0.9921103119850159,0,1,0,0,0,0,0,0,0,0,0,1,0,0,1,0,0,0,1,0,0,0,0,1,0,0,0,0,0,0,0
22,2.0,1,2335.286279639936,0,643,0,1216.9580054026103,2,1,1,165370.67533980042,360,13.240612839584688,1,Need mortgage financing for the year 2018-19.,0.939520537853241,1,0,0,0,0,0,1,0,0,0,0,0,0,0,1,0,0,1,0,0,0,0,0,1,0,0,0,0,0,0,0
38,3.0,1,10696.971647379058,0,771,1,2103.134141170919,17,0,0,33500.233840276895,48,5.9763650819253336,0,Looking to finance a car because it’s a lot more expensive than the car itself.,0.9922178983688354,1,0,0,0,0,0,0,0,0,1,0,0,0,0,1,0,0,0,1,1,0,0,0,0,0,0,0,0,0,0,0
42,4.0,13,13189.494561319842,1,828,0,3208.327170151682,2,0,1,10735.428174029104,60,5.931940807230214,0,"Applying for debt consolidation to reduce the deficit,” he said.",0.6527349948883057,1,0,0,0,0,0,0,0,0,0,0,1,0,0,0,0,0,1,0,0,1,0,0,0,0,0,0,0,0,1,0
19,0.0,0,2110.717680545211,0,519,0,809.6533481625193,1,0,1,14890.43664483171,12,18.78825263677913,1,Need funds for the next two weeks.,0.9969537258148193,1,0,0,0,0,0,0,0,0,1,0,0,0,0,1,0,0,0,1,0,0,0,1,0,0,0,0,0,0,0,0
20,1.0,0,3377.605523604725,0,581,2,1815.836944927348,0,1,1,7603.875399096833,48,13.74729246155119,0,"I want to consolidate my debts to the highest bidder, but I don't want to put my money where my mouth is, and I don't want to put",0.9991361498832703,1,0,0,0,0,0,0,0,0,0,0,0,1,0,1,0,1,0,0,0,1,0,0,0,0,0,0,0,0,0,0
24,1.0,0,23.27790783391126,1,499,1,12.117787112976162,2,1,1,24637.794622476096,36,19.685910000593424,1,Need funds for the project.,0.9833061099052429,0,0,0,1,0,0,0,1,0,0,0,0,0,1,0,0,0,0,1,0,0,0,0,0,0,0,0,1,0,0,0
25,3.0,0,11688.52304017979,3,677,3,1992.3639938087715,0,1,1,47297.71579027185,120,10.191951155676229,1,Applying for business credit to the credit card company is a simple one-off.,0.9962654709815979,1,0,0,0,0,0,0,0,0,0,0,0,0,1,0,0,0,0,1,0,0,0,0,0,0,0,0,0,0,0,0
49,1.0,19,5778.239779143756,3,608,2,2008.8723250034736,4,1,1,40599.09105939056,36,12.764202610883116,1,Debt Consolidation: unknown,0.0,0,1,0,0,1,0,0,0,0,0,0,0,0,1,0,0,0,0,1,0,1,0,0,0,0,0,0,0,0,0,1
64,3.0,35,8188.746850209707,2,669,2,1322.7355755751273,20,1,1,19179.26949798464,12,10.385871828304612,0,Applying for financing to cover the costs of the project.,0.9215720891952515,0,0,1,0,0,0,0,0,1,0,0,0,0,1,0,0,0,1,0,0,0,0,0,0,0,0,0,1,0,0,0
25,4.0,2,11268.204653747824,2,803,0,2722.6641940765035,2,1,1,14920.070191043853,36,5.835760285418726,0,Need to refinance existing loans because it's too late.,0.999592125415802,1,0,0,0,0,0,0,0,0,0,0,0,1,1,0,0,0,1,0,0,1,0,0,0,0,0,0,0,0,0,0
39,3.0,14,13949.035281356326,0,774,0,883.3980971389078,0,1,1,17960.200548630102,60,5.343584421803714,0,Applying for financing to cover the cost of the project.,0.9172947406768799,1,0,0,0,0,0,1,0,0,0,0,0,0,1,0,0,0,1,0,0,0,0,0,0,0,0,1,0,0,0,0
69,1.0,11,7066.043777818919,3,705,1,2063.448207180464,18,1,1,21575.1836535444,12,8.137765344539154,0,"Need funds for the project, and we will be working on a couple more projects.",0.9432765245437622,1,0,0,0,0,0,0,0,1,0,0,0,0,1,0,0,1,0,0,0,0,0,1,0,0,0,0,0,0,0,0
51,2.0,19,8552.05834066603,1,734,2,2899.713619917789,25,1,1,26049.25928741772,36,7.006150640465341,0,Need funds for the project.,0.9833061099052429,1,0,0,0,0,1,0,0,0,0,0,0,0,1,0,0,0,1,0,0,0,0,1,0,0,0,0,0,0,0,0
27,2.0,5,5551.36873495719,1,570,3,1840.0446744413348,9,0,1,32559.10318097285,72,15.30143403771335,1,"Looking to finance a car because it has a lot of internal combustion engine parts, and it’s a good idea to have a car that is a",0.9934804439544678,0,1,0,0,0,0,1,0,0,0,0,0,0,1,0,0,0,0,1,1,0,0,0,0,0,0,0,0,0,1,0
52,2.0,21,9690.71984177294,0,797,1,756.0954985874034,16,0,0,26711.69939744782,48,5.736380567235228,0,Applying for financing to cover the costs of the project.,0.9215720891952515,1,0,0,0,0,0,0,0,0,0,0,1,0,0,0,1,1,0,0,0,0,0,0,0,0,0,0,1,0,0,0
25,3.0,1,8335.800841462325,0,625,2,3014.0572042222007,4,0,1,30809.388673108893,72,10.373631887901183,0,Looking to finance a car because it is a luxury.,0.9325082302093506,1,0,0,0,0,0,0,0,0,1,0,0,0,1,0,0,0,0,1,1,0,0,0,0,0,0,0,0,0,0,0
69,2.0,22,5377.588964523812,0,694,0,1028.8463572285,17,1,0,5049.8033804767565,12,10.063403671704329,0,I need a personal loan for me to get a job.,0.9991140961647034,1,0,0,0,0,0,0,0,0,0,0,0,0,0,1,0,1,0,0,0,0,0,1,0,0,0,0,0,0,0,0
51,1.0,22,2705.4117371779816,0,730,3,610.2957409103694,13,1,0,11483.37243292736,24,5.672942746597075,0,Applying for financing to cover the costs of the loan and the cost of the loan.,0.9311434626579285,0,1,0,0,0,0,1,0,0,0,0,0,0,0,1,0,0,1,0,0,0,0,0,0,1,0,0,0,0,0,0
24,0.0,5,2306.273515965875,0,573,0,1059.735889497976,1,1,1,12344.861766358188,36,17.915097356378325,1,Applying for financing to cover the cost of the project.,0.9172947406768799,0,0,0,0,0,0,1,0,0,0,0,0,0,0,0,0,0,0,1,0,0,0,0,0,1,0,0,0,0,0,0
51,3.0,4,10015.114918772088,2,723,1,2855.050201839293,22,1,1,43009.9659090601,24,6.637121456149105,0,Debt Consolidation: unknown,0.0,0,0,1,0,0,0,0,0,0,0,0,1,0,1,0,0,0,0,1,0,1,0,0,0,0,0,0,0,0,0,1
55,2.0,0,4731.893266791854,3,573,1,1542.997940930797,15,0,0,27093.33472078467,60,14.301535486120692,1,Need funds for a new project.,0.9936864972114563,0,0,0,1,0,0,1,0,0,0,0,0,0,1,0,0,1,0,0,0,0,0,0,0,0,0,1,0,0,0,0
24,1.0,4,2109.9223211168664,0,597,3,536.4627094898973,5,1,1,15961.708528053943,24,19.842186878344727,1,Need funds for the next few months.,0.9962524771690369,0,1,0,0,0,0,0,0,1,0,0,0,0,0,1,0,0,0,0,0,0,0,0,0,0,0,1,0,0,0,0
26,4.0,0,7511.401183221352,2,689,1,1173.9230112713049,8,0,1,72500.54105176378,120,10.687368028022988,0,Need funding for my education in the first place.,0.9949068427085876,0,1,0,0,0,1,0,0,0,0,0,0,0,0,0,0,0,1,0,0,0,1,0,0,0,0,0,0,0,0,0
21,1.0,0,4972.387888538114,0,583,3,2271.299455343875,2,1,1,79533.9899446195,120,14.784946774876644,1,"Seeking financing to start my own medical school, I’d like to see my students, and I would like to see my students, and I would",0.9996296167373657,0,0,0,1,0,0,0,0,0,0,0,0,0,0,1,0,0,0,1,0,0,0,0,0,0,0,0,0,0,1,0
62,0.0,1,1894.829349290824,0,539,4,1252.3167326330854,17,1,1,192774.6325175172,360,15.089044567523027,1,I am applying for a home loan to purchase a new home in the UK.,0.9914392232894897,0,1,0,0,0,1,0,0,0,0,0,0,0,1,0,0,0,0,1,0,0,0,0,1,0,0,0,0,0,0,0
38,3.0,18,19359.3111612762,0,691,1,6528.087189949258,4,0,1,21278.689622041853,12,8.73331231313379,0,I need a personal loan for me to get to work.,0.998953104019165,0,0,1,0,0,0,0,0,1,0,0,0,0,0,1,0,0,1,0,0,0,0,0,0,0,0,0,1,0,0,0
64,5.0,9,17127.106759824044,0,730,1,6322.734729392865,21,1,1,34305.57553904245,48,6.733765349756107,0,I need a car loan to buy a vehicle for you.,0.9984639883041382,1,0,0,0,0,0,0,0,0,0,0,1,0,0,0,1,0,1,0,1,0,0,0,0,0,0,0,0,0,0,0
19,1.0,0,4683.5078225356365,0,478,1,2585.241883091021,1,1,0,9070.259699496546,36,16.51537839669495,1,Applying for financing to cover the cost of the project.,0.9172947406768799,0,0,0,1,1,0,0,0,0,0,0,0,0,0,0,1,0,1,0,0,0,0,0,0,0,1,0,0,0,0,0
31,3.0,7,11227.267973066737,2,669,1,4054.54215381876,8,1,0,23683.00275343452,48,9.55362907982347,0,Applying for financing to cover the costs of the new project.,0.9287589192390442,1,0,0,0,1,0,0,0,0,0,0,0,0,1,0,0,0,1,0,0,0,0,0,0,0,1,0,0,0,0,0
55,1.0,14,3908.890640603411,0,752,0,473.2591244171322,7,1,0,14787.052755037548,48,3.6665477809770426,0,Need funds for the first time in the history of the game.,0.8249428868293762,0,1,0,0,0,0,0,0,0,0,0,0,0,0,0,0,0,1,0,0,0,0,1,0,0,0,0,0,0,0,0
22,2.0,3,1991.12733343155,0,558,1,685.8840105815647,3,1,1,45448.28303707467,48,19.21111474028857,1,"Applying for auto financing to purchase a car, or to purchase a car that will be used for a loan or a loan.",0.9471959471702576,0,0,0,0,0,1,0,0,0,0,0,0,0,0,1,0,0,0,0,1,0,0,0,0,0,0,0,0,0,0,0
42,1.0,12,15682.026424068305,0,815,2,1056.7185721183369,16,1,0,18427.663545463693,12,5.3635986854608255,0,I need a personal loan for my children.,0.997666597366333,0,0,1,0,0,0,0,0,0,0,0,1,0,0,0,1,1,0,0,0,0,0,0,0,0,0,0,1,0,0,0
23,2.0,0,2601.4338200307684,0,659,1,899.639539010552,3,1,0,11648.21126580297,24,7.590193595675229,0,Applying for financing to cover the costs of the cost of the project.,0.9592718482017517,0,0,0,0,0,1,0,0,0,0,0,0,0,0,1,0,0,0,1,0,0,0,0,0,0,0,0,1,0,0,0
33,3.0,8,11364.31304882731,1,756,1,1955.9045434295572,13,1,0,24432.88655077689,60,3.9481331393482018,0,Applying for student financing for a student loan.,0.9702869653701782,1,0,0,0,0,0,0,0,0,0,1,0,0,1,0,0,0,1,0,0,0,1,0,0,0,0,0,0,0,0,0
51,1.0,22,6239.408696440198,0,666,1,1265.4847296764206,2,0,1,109438.47849186984,360,9.3955841197942,1,Applying for business credit to an investment account.,0.8843376636505127,1,0,0,0,1,0,0,0,0,0,0,0,0,0,0,1,0,0,1,0,0,0,0,0,0,0,0,0,0,0,0
59,3.0,27,5957.456868236899,0,637,3,2945.9277225101887,15,0,1,29200.557303647813,12,13.20669741939751,1,Need to refinance existing loans because it’s not a bad idea.,0.6378865242004395,1,0,0,0,0,0,0,1,0,0,0,0,0,1,0,0,0,0,1,0,1,0,0,0,0,0,0,0,0,1,0
63,1.0,17,5807.861835403296,0,762,1,887.3895365566882,27,1,0,22253.0779420502,24,4.307474207942171,1,Applying for financing to cover the costs of the project.,0.9215720891952515,0,0,1,0,0,0,0,0,0,0,0,1,0,0,1,0,1,0,0,0,0,0,0,0,0,0,1,0,0,0,0
38,2.0,3,12599.213744656545,1,653,1,2912.547411856568,19,1,1,40807.49770857299,72,8.815608998010193,0,Applying for auto financing to purchase the home.,0.9356524348258972,1,0,0,0,1,0,0,0,0,0,0,0,0,1,0,0,0,0,1,1,0,0,0,0,0,0,0,0,0,0,0
22,2.0,2,1938.257355894149,0,546,2,814.7014945945784,3,1,1,18395.692111827037,48,16.152596553807296,0,Applying for financing to cover the costs of the project.,0.9215720891952515,1,0,0,0,0,0,1,0,0,0,0,0,0,0,1,0,0,0,0,0,0,0,0,0,1,0,0,0,0,0,0
68,3.0,8,10080.076157532756,3,839,1,624.1323037418392,9,0,1,20108.98299286928,36,4.808503427305021,0,Applying for financing to cover the cost of the project.,0.9172947406768799,1,0,0,0,0,0,1,0,0,0,0,0,0,1,0,0,1,0,0,0,0,0,0,0,1,0,0,0,0,0,0
23,1.0,1,942.3936493735785,0,542,4,408.24444554406006,1,1,0,23764.07746471179,36,17.63741177224821,1,I need a personal loan for my family.,0.9983909130096436,0,1,0,0,0,0,0,0,0,0,1,0,0,0,1,0,0,0,0,0,0,0,0,0,1,0,0,0,0,0,0
39,4.0,17,9195.135311602891,0,744,1,2723.687885198424,21,0,1,40377.92192954371,120,6.2395597169139485,0,I need an education loan to pursue a career in finance.,0.9976776242256165,1,0,0,0,0,0,0,1,0,0,0,0,0,0,1,0,0,1,0,0,0,1,0,0,0,0,0,0,0,0,0
19,2.0,0,3414.572598087275,0,659,1,1003.3373063692842,0,1,1,15726.55923256665,24,10.190034658196208,0,Personal: unknown,0.0,1,0,0,0,0,0,1,0,0,0,0,0,0,0,1,0,0,0,1,0,0,0,0,0,0,1,0,0,0,0,1
53,5.0,23,11444.121633729146,0,698,1,2194.0103560766483,0,0,1,15763.233461555188,12,10.61533962314333,0,Applying for financing to cover the cost of the program.,0.9627463221549988,1,0,0,0,0,0,0,0,0,0,0,1,0,0,1,0,0,0,1,0,0,0,1,0,0,0,0,0,0,0,0
64,1.0,13,4878.663269615634,2,753,1,618.4515083335588,28,1,1,19296.80678067966,48,3.961190632834098,0,I need a personal loan for my next project.,0.9988946318626404,0,0,1,0,0,0,0,0,0,0,0,0,1,1,0,0,1,0,0,0,0,0,0,0,0,0,1,0,0,0,0
39,3.0,17,11993.368384543914,1,714,0,4784.268086654529,11,1,0,5262.341028498611,24,5.947422477819212,0,Applying for financing to cover the cost of the project.,0.9172947406768799,1,0,0,0,0,0,0,0,0,0,0,0,0,0,0,0,0,0,1,0,0,0,0,0,1,0,0,0,0,0,0
24,0.0,3,1269.0751363544632,0,543,1,635.3079770093448,5,1,1,64274.81158098788,120,13.44946255952594,0,Looking to buy a house for my family because I have a few children.,0.9877983927726746,0,0,0,0,0,0,0,0,0,0,0,1,0,0,1,0,0,0,0,0,0,0,0,1,0,0,0,0,0,0,0
28,3.0,1,10391.500615074134,0,710,3,3931.3305616305306,10,0,1,65131.612151033725,84,7.671919166398281,0,Need funding for my education in the classroom.,0.9975226521492004,1,0,0,0,0,0,0,1,0,0,0,0,0,1,0,0,1,0,0,0,0,1,0,0,0,0,0,0,0,0,0
48,3.0,18,6768.313891836092,0,708,0,2092.2392126553605,25,1,0,8724.993403731085,36,7.737775626441024,0,I need a personal loan for my child.,0.9975417852401733,1,0,0,0,0,0,0,0,0,0,0,0,1,0,1,0,0,1,0,0,0,0,0,0,1,0,0,0,0,0,0
56,2.0,30,4593.198030736088,2,764,2,921.2052941741956,3,0,1,27800.05500126665,60,4.640174825260032,1,Applying for auto financing to purchase a car.,0.8946273326873779,1,0,0,0,0,0,0,1,0,0,0,0,0,1,0,0,0,0,0,1,0,0,0,0,0,0,0,0,0,0,0
64,2.0,34,2978.446504962643,1,704,2,781.12646297795,13,1,1,15686.535053851589,48,7.673794860542887,0,I want to consolidate my debts to the banks and the government.,0.9960237741470337,0,1,0,0,0,1,0,0,0,0,0,0,0,0,0,0,1,0,0,0,1,0,0,0,0,0,0,0,0,0,0
65,2.0,11,2779.7403388597286,0,640,0,1226.7890374658834,5,1,1,25501.687551391235,48,11.99251977419217,0,Applying for financing to cover the costs of the project.,0.9215720891952515,0,1,0,0,0,0,0,0,1,0,0,0,0,1,0,0,1,0,0,0,0,0,1,0,0,0,0,0,0,0,0
47,3.0,19,15554.335289425366,0,707,1,3978.701174724435,17,1,1,20579.574035007325,48,8.014106805544523,1,Need funds for the next few months.,0.9962524771690369,1,0,0,0,0,0,1,0,0,0,0,0,0,0,1,0,0,0,1,0,0,0,0,0,1,0,0,0,0,0,0
26,3.0,7,11066.14654591621,2,658,2,2472.154575216605,6,1,1,25234.02888696284,24,10.534753115030362,0,I need a personal loan for me to get back on the road to the UK.,0.9985260963439941,1,0,0,0,0,0,0,0,0,0,1,0,0,1,0,0,0,0,1,0,0,0,0,0,0,0,1,0,0,0,0
25,4.0,0,7888.768493397967,0,636,2,2652.912526514445,0,1,0,257371.80983274945,240,12.48516979619844,0,Need mortgage financing for a mortgage is one of the most important things you can do to help your family get back on the way.,0.9979085922241211,0,0,0,0,0,0,0,0,0,0,0,1,0,0,1,0,0,0,0,0,0,0,0,1,0,0,0,0,0,1,0
31,2.0,10,6650.497566550777,2,702,1,1151.0192147650716,10,0,0,31840.08879197026,72,7.034971040641784,0,Applying for auto financing to purchase the car.,0.9148255586624146,1,0,0,0,0,0,0,0,0,0,0,0,1,1,0,0,0,1,0,1,0,0,0,0,0,0,0,0,0,0,0
39,2.0,19,12954.885007872936,1,773,2,3066.7231800096474,5,0,0,17787.878402080623,36,5.639061415439693,1,Applying for financing to cover the costs of the new project.,0.9287589192390442,1,0,0,0,0,0,0,0,0,0,0,0,0,1,0,0,0,0,1,0,0,0,0,0,0,1,0,0,0,0,0
24,3.0,0,1053.1220362704391,2,557,3,539.5399048176214,6,1,1,10262.098681341487,24,17.225028244790845,1,Need funds for the first time.,0.8434478640556335,0,0,0,1,0,0,0,0,0,0,0,0,1,1,0,0,0,0,1,0,0,0,0,0,0,0,0,1,0,0,0
23,2.0,4,1409.9972755822523,0,629,3,362.1902555045513,4,0,0,36495.08973453135,60,13.704696176279016,1,I need an education loan to pursue a career in finance.,0.9976776242256165,0,0,1,0,0,0,0,0,0,0,1,0,0,0,1,0,0,0,0,0,0,1,0,0,0,0,0,0,0,0,0
38,3.0,17,10932.978956891482,0,680,3,2973.4330102678277,3,1,1,22554.108216207813,60,10.552371223113036,1,Need funds for the new season.,0.9953953623771667,1,0,0,0,1,0,0,0,0,0,0,0,0,0,0,0,1,0,0,0,0,0,0,0,0,0,1,0,0,0,0
25,2.0,1,8155.693129986314,0,680,1,2248.192441276524,4,1,0,19422.59711565898,24,8.183350457293155,0,Applying for financing to cover expenses and expenses.,0.9575608968734741,1,0,0,0,0,1,0,0,0,0,0,0,0,1,0,0,1,0,0,0,0,0,0,0,1,0,0,0,0,0,0
48,3.0,17,14780.339798130071,1,685,3,2761.348231655056,21,1,0,5196.03976929792,48,9.066856988936465,0,Applying for financing to cover the costs of the project.,0.9215720891952515,1,0,0,0,0,0,0,0,1,0,0,0,0,0,0,0,0,1,0,0,0,0,0,0,0,0,0,1,0,0,0
35,1.0,9,7514.823173784276,0,741,1,2639.751321672784,13,0,1,43804.43317646186,72,7.1327618983410925,0,I need a car loan to buy a vehicle for me.,0.9991427659988403,1,0,0,0,0,0,0,0,0,1,0,0,0,1,0,0,1,0,0,1,0,0,0,0,0,0,0,0,0,0,0
18,3.0,0,3511.2027660656527,0,520,0,1959.060662025122,0,0,1,14522.271415775538,60,18.89483246194996,0,"Applying for financing to cover the costs of the cost of the project, the cost of the project, and the cost of the project.",0.9425216913223267,0,0,0,0,0,0,0,0,0,0,0,0,0,0,1,0,0,0,1,0,0,0,0,0,1,0,0,0,0,0,0
45,1.0,2,11891.753811834104,0,745,3,3488.4508143953385,24,1,0,47476.52204517095,60,6.468936200091424,1,I need a car loan to buy a vehicle for the next 3 years.,0.9989798665046692,0,0,1,0,1,0,0,0,0,0,0,0,0,0,0,1,1,0,0,1,0,0,0,0,0,0,0,0,0,0,0
21,1.0,0,4715.103548228681,0,569,2,2178.212530980379,1,0,1,32484.20454502313,60,13.883365637183656,1,Car Loan: unknown,0.0,0,0,0,1,0,1,0,0,0,0,0,0,0,0,1,0,0,0,1,1,0,0,0,0,0,0,0,0,0,0,1
27,2.0,4,5073.46694327477,4,721,1,1188.8979114897015,8,1,1,5483.190772940026,12,6.740928024755906,0,Applying for financing to cover the costs of the project.,0.9215720891952515,1,0,0,0,0,0,0,0,0,1,0,0,0,1,0,0,1,0,0,0,0,0,1,0,0,0,0,0,0,0,0
22,2.0,0,4887.114738568739,0,528,1,2159.5085426183064,1,1,1,20970.02908723231,60,17.096826128568924,1,I need an education loan to pursue a career in medicine.,0.9978170394897461,0,0,0,1,0,0,0,0,1,0,0,0,0,0,1,0,0,0,1,0,0,1,0,0,0,0,0,0,0,0,0
42,3.0,4,16042.276711484785,1,779,1,2096.3452733245763,15,1,1,26518.12246207224,24,4.805997775903305,1,Applying for financing to cover the costs of the project.,0.9215720891952515,0,0,1,0,0,0,0,0,0,1,0,0,0,1,0,0,0,0,1,0,0,0,0,0,1,0,0,0,0,0,0
37,3.0,11,17345.911324714256,0,694,1,6253.345412884743,6,0,1,116167.64602260738,240,7.811935512406058,0,"Seeking financing to start my own company, I think we'll be able to do the same,"" said the businessman.",0.9711909294128418,1,0,0,0,0,0,0,0,0,1,0,0,0,1,0,0,0,1,0,0,0,0,0,0,0,0,0,0,0,1,0
20,1.0,0,2259.651931323456,0,541,4,1261.5548294705447,1,0,1,111834.68592153671,120,19.74449468621312,0,"Need mortgage financing for the year, which is expected to be the biggest in five years.",0.9616873264312744,1,0,0,0,1,0,0,0,0,0,0,0,0,0,1,0,0,0,1,0,0,0,0,1,0,0,0,0,0,0,0
64,3.0,22,9075.785044300384,2,689,1,3122.7291331130677,9,0,1,8262.531602929605,48,9.047882967818456,0,I need a personal loan for me to pay back the debt.,0.9993133544921875,1,0,0,0,0,1,0,0,0,0,0,0,0,1,0,0,0,1,0,0,0,0,0,0,0,0,1,0,0,0,0
18,2.0,0,1201.704813885566,1,507,1,838.314008385023,0,0,0,23957.565430262963,36,17.31522614760158,1,Applying for financing to cover the costs of the project.,0.9215720891952515,0,1,0,0,0,0,1,0,0,0,0,0,0,0,1,0,0,0,1,0,0,0,0,0,0,0,0,1,0,0,0
48,1.0,3,10481.438594935744,2,757,2,1371.2663227713638,17,1,1,26446.16065471336,36,5.519614854853146,0,Looking to finance a car because it's a car.,0.9861475825309753,1,0,0,0,0,0,0,0,0,1,0,0,0,1,0,0,0,1,0,1,0,0,0,0,0,0,0,0,0,0,0
28,3.0,7,10689.660505106844,2,780,0,2354.3066192241304,6,0,0,144162.493912613,180,5.727066883935672,1,Applying for business credit to the government.,0.9060161709785461,1,0,0,0,0,0,1,0,0,0,0,0,0,1,0,0,0,1,0,0,0,0,0,0,0,0,0,0,0,0,0
36,1.0,5,12473.76987686664,3,666,1,4771.919571394326,15,1,0,80989.6812737887,120,8.219019874351398,1,I need an education loan to pursue my dream of becoming a full-time lawyer.,0.9965353012084961,1,0,0,0,0,1,0,0,0,0,0,0,0,1,0,0,0,0,1,0,0,1,0,0,0,0,0,0,0,0,0
64,3.0,19,8909.650296211665,3,823,0,732.7631619843919,13,0,1,21410.240087516424,24,4.905472027661313,0,Personal: unknown,0.0,1,0,0,0,0,1,0,0,0,0,0,0,0,1,0,0,1,0,0,0,0,0,0,0,0,1,0,0,0,0,1
60,5.0,33,6663.352416524903,2,687,2,2450.084755611764,1,0,0,19250.28522307473,48,7.862368955147692,1,Need to refinance existing loans because they're too expensive to repay.,0.9995772242546082,0,1,0,0,0,1,0,0,0,0,0,0,0,0,1,0,0,1,0,0,1,0,0,0,0,0,0,0,0,0,0
31,3.0,2,9945.111055152178,2,744,3,3046.2161925665823,13,0,0,49387.19772330015,12,5.83931726950516,1,I want to consolidate my debts to the United States.,0.9968961477279663,0,0,1,0,0,0,0,0,0,0,0,0,0,0,0,0,0,1,0,0,1,0,0,0,0,0,0,0,0,0,0
27,4.0,8,10865.831803735524,0,645,0,4181.49968903596,5,0,1,35575.952988863544,48,11.010111128301675,0,"Looking to finance a car because it's a ""toxic"" car.",0.9995936751365662,1,0,0,0,1,0,0,0,0,0,0,0,0,0,1,0,0,1,0,1,0,0,0,0,0,0,0,0,0,0,0
21,4.0,0,3166.169778263765,0,618,2,1249.2834660728686,0,1,1,12299.174016271714,36,12.869233649334031,1,"Need funds for the development of a new, mobile version of the game.",0.9975715279579163,0,1,0,0,0,0,0,1,0,0,0,0,0,0,1,0,0,0,1,0,0,0,0,0,1,0,0,0,0,0,0
66,2.0,31,5797.575470598862,1,760,0,750.5751255702504,29,1,1,15669.722633418734,48,4.3734674976233325,0,Need funds for the project.,0.9833061099052429,1,0,0,0,0,0,0,0,0,0,1,0,0,0,0,0,0,1,0,0,0,0,0,0,0,0,0,1,0,0,0
40,3.0,11,13811.824618756522,0,704,1,4802.278410189386,17,1,1,14348.196742669596,36,5.641973590409264,1,Need funds for the construction of the new building.,0.9929211735725403,1,0,0,0,0,0,0,0,0,1,0,0,0,0,0,0,0,0,1,0,0,0,0,0,0,1,0,0,0,0,0
37,3.0,0,14519.12551831827,0,778,1,1223.7711418738984,5,1,1,16339.474998070851,12,5.21425135733411,0,Need funds for the project.,0.9833061099052429,1,0,0,0,0,1,0,0,0,0,0,0,0,0,1,0,1,0,0,0,0,0,0,0,0,0,0,1,0,0,0
39,1.0,13,4616.489713183889,0,771,0,806.7251926480511,10,1,1,24057.565612524,24,5.59279906957663,0,I need a personal loan for me.,0.9985173344612122,1,0,0,0,0,0,0,0,0,1,0,0,0,0,0,0,1,0,0,0,0,0,0,0,1,0,0,0,0,0,0
40,1.0,10,10922.430959135902,0,717,1,4034.570082480757,21,0,1,23927.113900938588,36,5.555188277984599,1,I want to consolidate my debts to the point where I don't want to have to pay the debt and I want to be able to pay the debt.,0.8409450054168701,1,0,0,0,0,0,0,0,0,0,0,1,0,0,1,0,0,1,0,0,1,0,0,0,0,0,0,0,0,0,0
32,1.0,12,4697.814378970102,0,643,4,2340.371666938924,14,1,1,389892.31806411233,240,10.947825450352628,1,I am applying for a home loan to purchase a home in New York City.,0.9930258989334106,0,1,0,0,0,0,0,0,0,0,0,0,0,1,0,0,0,1,0,0,0,0,0,1,0,0,0,0,0,0,0
25,1.0,3,5918.9189708442345,1,605,1,1976.2763080893208,6,1,1,13876.149179843598,36,13.530419262475585,1,Need funds for the first time.,0.8434478640556335,0,0,0,0,0,0,0,0,0,0,0,1,0,1,0,0,0,0,0,0,0,0,0,0,0,0,1,0,0,0,0
26,3.0,1,11337.62273698138,0,686,0,1713.7724428810084,5,0,0,13337.479292278604,48,9.380884610282733,0,Need funds for the family's new home.,0.9926651120185852,1,0,0,0,0,0,1,0,0,0,0,0,0,0,1,0,0,0,0,0,0,0,0,0,0,1,0,0,0,0,0
25,3.0,6,11824.197620154971,2,706,0,1894.192157723806,1,1,1,19175.372383539838,24,8.351781897793373,1,Need to refinance existing loans because the government is so reluctant to do so.,0.9958515167236328,0,0,0,0,0,0,0,0,0,0,1,0,0,1,0,0,0,0,1,0,1,0,0,0,0,0,0,0,0,0,0
36,1.0,2,6374.988776895204,2,729,0,2454.6626396486663,6,1,1,33187.52287005949,360,6.814530149999066,0,I need a business loan to expand my business.,0.9976586103439331,0,0,0,0,1,0,0,0,0,0,0,0,0,1,0,0,0,1,0,0,0,0,0,0,0,0,0,0,0,0,0
34,3.0,0,10284.107991145776,0,651,1,3139.006758196598,11,0,0,6143.550845312821,48,10.907211392120889,1,Applying for financing to cover the costs of the project.,0.9215720891952515,1,0,0,0,0,0,0,0,0,0,0,1,0,0,1,0,0,1,0,0,0,0,0,0,0,1,0,0,0,0,0
25,2.0,5,6405.248750834446,2,601,2,2331.0330780505424,2,0,1,25036.144405573843,60,13.003078596844222,0,Applying for financing to cover the costs of the project.,0.9215720891952515,1,0,0,0,0,0,0,1,0,0,0,0,0,1,0,0,0,1,0,0,0,0,1,0,0,0,0,0,0,0,0
63,2.0,35,6762.149627211558,0,731,0,1232.146011536537,16,1,1,47148.501633942346,84,6.937210189310054,0,I need an education loan to pursue this goal.,0.995917022228241,1,0,0,0,0,0,0,0,0,1,0,0,0,0,0,0,0,1,0,0,0,1,0,0,0,0,0,0,0,0,0
19,2.0,0,4106.297101864227,0,551,3,1545.570252245236,0,0,1,25970.98341913176,60,14.702259861849582,1,Medical: unknown,0.0,0,0,0,1,0,0,0,1,0,0,0,0,0,0,1,0,1,0,0,0,0,0,0,0,1,0,0,0,0,0,1
66,1.0,34,4597.600076203538,1,672,1,1283.8870432011968,28,0,1,28830.77063207037,12,8.540876662216963,1,Need to refinance existing loans because it is more difficult to get the money back.,0.9992446899414062,0,1,0,0,0,0,0,0,0,0,0,0,0,0,0,1,1,0,0,0,1,0,0,0,0,0,0,0,0,0,0
23,3.0,3,1900.565977078916,0,583,3,672.3224986594063,2,1,1,27524.440552453663,48,18.874455671276213,1,Looking to finance a car because it's more expensive than you think.,0.9923077821731567,0,1,0,0,0,0,0,0,0,0,0,0,1,0,0,0,0,0,1,1,0,0,0,0,0,0,0,0,0,0,0
29,1.0,0,4480.666150458584,0,577,2,1281.991502379427,4,0,1,28463.24458682826,24,17.359273822678887,0,Home Improvement: unknown,0.0,0,1,0,0,0,0,0,0,0,0,0,0,1,0,1,0,0,0,1,0,0,0,1,0,0,0,0,0,0,0,1
30,2.0,0,9477.616142481002,0,759,1,494.42382724730186,3,1,1,27634.54941048159,36,4.298284093976037,0,I need a personal loan for a year.,0.9970656037330627,1,0,0,0,0,0,0,0,1,0,0,0,0,0,1,0,1,0,0,0,0,0,0,0,0,1,0,0,0,0,0
19,1.0,0,2542.4809265844424,1,670,1,720.7726675799641,0,0,0,19974.799332771017,36,8.977119910446737,1,Car Loan: unknown,0.0,1,0,0,0,0,0,0,0,0,0,0,0,1,1,0,0,0,1,0,1,0,0,0,0,0,0,0,0,0,0,1
31,4.0,0,5370.4102996921165,0,649,1,1357.5117794567425,8,1,1,48932.14122648285,24,10.607373782581105,1,I want to consolidate my debts to the point where I can no longer pay my debts.,0.9997188448905945,0,1,0,0,0,0,0,0,0,0,1,0,0,0,1,0,0,1,0,0,1,0,0,0,0,0,0,0,0,0,0
66,3.0,34,6792.056988134352,3,678,3,1347.990799550637,22,1,1,87293.50940513393,120,10.432679311981312,1,Need funding for my education in the U.,0.9809291362762451,0,0,1,0,0,0,0,0,1,0,0,0,0,1,0,0,0,1,0,0,0,1,0,0,0,0,0,0,0,0,0
52,3.0,17,8770.056920242494,0,794,1,530.3341474330402,1,1,1,24189.190712947955,36,5.555449717041059,0,I need a personal loan for me.,0.9985173344612122,1,0,0,0,0,0,0,0,1,0,0,0,0,0,1,0,1,0,0,0,0,0,1,0,0,0,0,0,0,0,0
60,1.0,24,7161.989759829904,0,723,1,2369.622489374416,15,1,0,58209.09394128207,84,7.964165088702083,0,"Applying for student financing for a student loan, or a student loan to pay for the loan.",0.9738906621932983,0,0,1,0,0,0,0,0,1,0,0,0,0,0,0,0,1,0,0,0,0,1,0,0,0,0,0,0,0,0,0
20,3.0,1,4176.396821053014,0,628,0,1230.83702784387,1,1,0,13653.213501789698,36,12.877907572705858,1,Need funds for a few weeks.,0.9966800212860107,1,0,0,0,0,0,0,0,0,0,0,1,0,0,1,0,0,0,1,0,0,0,0,0,0,0,0,1,0,0,0
21,1.0,2,1280.468720132104,0,570,1,569.2031486386002,0,1,1,12248.95804509467,24,16.453055063938848,1,"Need funds for the new game, and we’re all excited to see what you’re up to.",0.9998483657836914,0,1,0,0,0,0,0,0,0,1,0,0,0,0,1,0,0,1,0,0,0,0,0,0,0,1,0,0,0,1,0
29,3.0,1,12161.29930434956,1,721,2,4261.708690380975,3,0,1,13486.25481357015,12,5.740344539154026,0,Need funds for the project.,0.9833061099052429,1,0,0,0,0,0,0,0,1,0,0,0,0,1,0,0,0,1,0,0,0,0,0,0,0,0,0,1,0,0,0
34,4.0,0,2894.944579993451,1,625,1,1552.9238414263848,6,1,0,22903.37657883924,12,13.734249246410933,1,Need funds for the next few months.,0.9962524771690369,0,0,0,1,0,0,0,0,0,0,0,1,0,0,1,0,0,0,1,0,0,0,0,0,0,1,0,0,0,0,0
33,2.0,12,8295.11993133396,0,721,0,2224.088961882954,1,1,1,223990.9315251652,360,6.177477500857554,1,"I am applying for a home loan to purchase a home, and the loan is for the mortgage.",0.9885035157203674,1,0,0,0,0,1,0,0,0,0,0,0,0,0,0,1,0,0,1,0,0,0,0,1,0,0,0,0,0,0,0
22,2.0,0,3165.5072863663395,1,498,1,1416.8968047345047,0,1,1,36516.10234877471,60,18.99427004314665,1,I want to consolidate my debts to the extent that I can.,0.9791457653045654,0,0,0,1,0,1,0,0,0,0,0,0,0,0,1,0,1,0,0,0,1,0,0,0,0,0,0,0,0,0,0
39,3.0,12,16641.213147720202,0,727,0,4915.907109432765,18,1,1,101407.48320953408,360,7.050095155678804,0,I need a business loan to expand my business.,0.9976586103439331,1,0,0,0,0,0,0,0,0,0,1,0,0,0,1,0,1,0,0,0,0,0,0,0,0,0,0,0,0,0,0
38,4.0,4,9125.136272979184,0,700,2,1411.1008966046438,11,1,1,363434.0802925456,360,7.87227446559508,1,Need mortgage financing for a family in the United States is an important one for many.,0.9896732568740845,0,0,0,0,0,0,1,0,0,0,0,0,0,1,0,0,0,0,1,0,0,0,0,1,0,0,0,0,0,1,0
53,2.0,33,6988.544521066035,0,666,3,1756.3052544745026,21,1,1,17436.622349497266,24,7.87302555545036,0,Home Improvement: unknown,0.0,1,0,0,0,0,0,1,0,0,0,0,0,0,0,0,1,0,0,1,0,0,0,1,0,0,0,0,0,0,0,1
66,4.0,35,10625.962810278525,0,791,1,1371.8440376572523,6,0,1,362166.0497464101,180,5.482390236514079,0,"Looking to buy a house for my family because I had a job and I was a mom, I was very happy to have her.",0.9998618364334106,1,0,0,0,1,0,0,0,0,0,0,0,0,0,1,0,0,1,0,0,0,0,0,1,0,0,0,0,0,1,0
26,2.0,5,11853.430440718052,0,644,0,5936.017001630626,7,1,1,28397.6396329954,48,11.952964517733722,1,"I need a personal loan for my house and I can't afford to have a mortgage,"" she said.",0.9952219128608704,0,0,1,0,0,0,1,0,0,0,0,0,0,0,0,0,0,0,1,0,0,0,0,0,0,0,1,0,0,0,0
36,1.0,7,11729.438648634254,0,680,2,3610.636600398112,6,1,1,19792.42905765814,12,8.331017139311822,0,Need funds for the project.,0.9833061099052429,1,0,0,0,0,0,0,0,0,0,0,1,0,0,0,0,1,0,0,0,0,0,0,0,0,1,0,0,0,0,0
34,2.0,9,5515.606812040379,0,688,1,2177.227195439552,16,1,1,122211.69921852554,120,9.537641305324064,0,I need a business loan to expand my business.,0.9976586103439331,1,0,0,0,0,0,0,0,0,0,0,1,0,0,0,1,1,0,0,0,0,0,0,0,0,0,0,0,0,0,0
56,4.0,33,12044.158760335196,0,822,1,2604.8419810425994,29,0,1,12694.430994276236,36,5.919934413599558,0,I need a personal loan for my next job.,0.9991914629936218,1,0,0,0,0,1,0,0,0,0,0,0,0,0,0,0,1,0,0,0,0,0,0,0,0,0,1,0,0,0,0
44,4.0,16,16925.18313926656,1,831,0,1297.095684130951,4,1,1,38335.06642985355,360,4.541597644346198,0,Applying for business credit to the bank.,0.9088759422302246,1,0,0,0,0,0,0,0,0,0,0,0,1,0,0,1,0,1,0,0,0,0,0,0,0,0,0,0,0,0,0
49,2.0,10,10858.616016062651,3,832,0,1761.905011837548,6,1,1,24423.20025818064,36,5.31406800068604,0,Applying for financing to cover the costs of the project.,0.9215720891952515,1,0,0,0,0,0,1,0,0,0,0,0,0,1,0,0,1,0,0,0,0,0,0,0,0,0,1,0,0,0,0
67,5.0,27,13430.622981485714,2,748,2,2486.3350636744863,3,1,1,93142.69956684612,240,5.97627374533625,1,"Applying for business credit to the company is a simple, straightforward, and easy way to get your business credit to the customer.",0.9988686442375183,1,0,0,0,0,0,1,0,0,0,0,0,0,0,0,0,0,1,0,0,0,0,0,0,0,0,0,0,0,1,0
39,4.0,12,17647.628322309407,0,771,3,3001.090236949839,3,0,1,16873.006201956516,60,4.08013934925289,0,Looking to finance a car because it's not the best.,0.9996837377548218,1,0,0,0,0,0,0,0,0,0,0,0,0,0,0,1,0,1,0,1,0,0,0,0,0,0,0,0,0,0,0
22,1.0,3,2116.592871122924,0,559,2,961.016936819721,1,1,0,10770.7297288503,12,14.332274039733475,1,Applying for financing to cover the costs of the project.,0.9215720891952515,0,0,1,0,0,0,0,0,0,0,0,0,0,0,1,0,0,0,1,0,0,0,1,0,0,0,0,0,0,0,0
39,1.0,17,11775.728318021203,1,746,1,4671.222703392972,10,1,0,24497.808723865368,72,7.987942702377278,0,I need a car loan to buy a vehicle for my daughter.,0.9989824891090393,1,0,0,0,0,1,0,0,0,0,0,0,0,0,1,0,0,0,1,1,0,0,0,0,0,0,0,0,0,0,0
50,2.0,21,4201.194608414677,0,715,1,1430.988521180384,14,1,1,44454.453654278725,60,7.963771914016038,0,I want to consolidate my debts to the creditors.,0.9974496960639954,1,0,0,0,0,0,0,0,0,0,0,1,0,1,0,0,1,0,0,0,1,0,0,0,0,0,0,0,0,0,0
56,0.0,23,5695.228485656939,0,697,1,1835.7697969643195,11,1,1,174397.71126413642,180,10.22234250205371,1,I am applying for a home loan to purchase a home in the city.,0.993472695350647,1,0,0,0,0,0,0,0,0,1,0,0,0,0,0,1,0,1,0,0,0,0,0,1,0,0,0,0,0,0,0
24,1.0,5,916.6238091444128,2,600,2,456.4200807844822,2,1,1,27844.125082594965,24,19.99818890580665,1,I need a personal loan for my daughter.,0.998080849647522,0,1,0,0,0,0,0,0,0,1,0,0,0,0,1,0,0,0,1,0,0,0,0,0,0,0,0,1,0,0,0
18,3.0,0,2131.726757932878,0,584,2,677.4545062781726,0,0,1,24745.002876847386,24,15.072828623770086,1,I need a personal loan for me to continue to work.,0.9982936978340149,0,1,0,0,0,0,0,0,0,0,1,0,0,0,1,0,0,0,0,0,0,0,0,0,0,0,1,0,0,0,0
36,3.0,11,8678.552269914462,2,759,0,1393.5899281317215,16,0,1,357443.8533577877,120,4.424136140153511,0,Need mortgage financing for a child's education is a huge financial burden for a child who is not yet able to attend school.,0.9976957440376282,0,1,0,0,0,0,0,0,0,0,0,0,0,1,0,0,0,0,1,0,0,0,0,1,0,0,0,0,0,0,0
54,3.0,4,9404.658322624957,0,814,1,1807.3584895658996,1,1,1,91624.85279513506,84,4.982536250901494,0,Applying for student financing for the project.,0.9057537913322449,0,0,1,0,0,0,0,0,0,0,0,0,0,0,0,0,1,0,0,0,0,1,0,0,0,0,0,0,0,0,0
62,4.0,16,14001.37049340358,2,686,2,5102.796621000723,1,1,1,44168.127220312,48,10.6101832407488,1,I need a car loan to buy a vehicle for the next five years.,0.9990255832672119,1,0,0,0,0,0,0,0,0,0,0,1,0,0,0,0,0,0,0,1,0,0,0,0,0,0,0,0,0,0,0
61,1.0,0,953.3429051058662,2,527,2,619.250102640345,1,0,0,43664.22554988776,240,18.66125678890823,1,"Applying for business credit to the IRS, the IRS has been given the power to deny business credit to its employees and employees.",0.9908571839332581,0,0,0,1,1,0,0,0,0,0,0,0,0,1,0,0,0,1,0,0,0,0,0,0,0,0,0,0,0,0,0
30,2.0,6,5846.866416542717,0,626,1,3148.3334476356854,1,1,1,18413.408082898903,24,11.857599223283971,1,Applying for financing to cover the costs of the project.,0.9215720891952515,0,1,0,0,0,0,0,0,1,0,0,0,0,1,0,0,0,1,0,0,0,0,0,0,0,0,0,1,0,0,0
56,2.0,25,2422.5268956952928,0,658,3,687.6148435056854,22,0,0,19151.791161204128,60,7.961878618683866,1,Applying for financing to cover the costs of the project.,0.9215720891952515,0,1,0,0,0,0,0,0,0,0,0,0,0,0,1,0,0,1,0,0,0,0,0,0,0,0,1,0,0,0,0
19,1.0,0,2576.87234979774,0,539,1,1331.9890595562274,1,1,0,26821.786953073053,36,19.84530033100332,1,I need a personal loan for me to make sure I can get it back to my parents' home.,0.9993311166763306,0,0,0,1,0,0,0,1,0,0,0,0,0,0,1,0,0,0,0,0,0,0,0,0,0,0,1,0,0,0,0
18,2.0,0,1848.9890638943093,0,483,0,756.1307319603538,0,1,1,116230.64170931902,120,16.580407384461836,1,Looking to buy a house for my family because I want to be a dad and I want to be a dad.,0.9384640455245972,0,1,0,0,0,0,0,0,1,0,0,0,0,0,1,0,0,1,0,0,0,0,0,1,0,0,0,0,0,0,0
29,3.0,1,6733.546184208824,0,683,0,1369.768504067174,10,1,1,15500.101852035124,36,10.5028428182027,0,Need funds for the research and development of the project.,0.982262372970581,1,0,0,0,1,0,0,0,0,0,0,0,0,0,1,0,0,1,0,0,0,0,0,0,0,0,0,1,0,0,0
55,2.0,15,10292.146985165084,2,743,1,1882.2233813591463,14,1,1,26428.238996407057,12,5.729154834974368,0,I need a personal loan for me.,0.9985173344612122,0,0,1,0,0,0,0,0,0,0,1,0,0,1,0,0,0,1,0,0,0,0,0,0,0,1,0,0,0,0,0
34,2.0,2,8830.323882676512,1,706,1,3308.826972083837,1,0,1,138884.4958227808,240,5.5005651986697455,0,Applying for business credit to a specific credit card is a form of payment that is not subject to any legal obligation to pay.,0.9882017970085144,1,0,0,0,0,0,0,0,0,0,0,1,0,0,1,0,0,1,0,0,0,0,0,0,0,0,0,0,0,0,0
61,0.0,33,4527.029453306693,1,724,0,1082.8300343802132,15,1,1,191914.5346701897,120,6.396571405777093,0,I am applying for a home loan to purchase a house in the city of Toronto.,0.9925520420074463,1,0,0,0,0,0,0,1,0,0,0,0,0,1,0,0,1,0,0,0,0,0,0,1,0,0,0,0,0,0,0
49,2.0,19,13005.67379939387,0,731,2,3481.837879364488,27,1,1,37961.92576914964,60,7.5611174517474415,0,Looking to finance a car because you have to pay a premium.,0.9949976205825806,1,0,0,0,0,0,0,0,1,0,0,0,0,1,0,0,0,0,1,1,0,0,0,0,0,0,0,0,0,0,0
36,1.0,16,9747.32131252328,3,682,2,3574.667965030003,17,0,1,16348.671202708929,12,9.441300718122834,0,"Need funds for the first time, and it’s going to be very exciting for the community.",0.9998302459716797,1,0,0,0,0,0,0,1,0,0,0,0,0,1,0,0,1,0,0,0,0,0,0,0,1,0,0,0,0,1,0
48,2.0,25,7172.965666191427,4,724,0,2573.419688867349,12,0,1,28183.87951465743,36,6.454148717652756,0,"I need a personal loan for me to get a job,” he said.",0.9971299767494202,0,1,0,0,0,0,1,0,0,0,0,0,0,1,0,0,0,1,0,0,0,0,0,0,0,1,0,0,0,0,0
22,3.0,3,6028.771255461711,0,573,4,2274.589474686847,0,1,0,7065.4415864817165,60,19.292305768043647,0,"I need a personal loan for my son, who's not eligible for a loan.",0.9988456964492798,0,0,1,0,0,0,0,0,0,0,0,0,1,0,1,0,0,0,1,0,0,0,0,0,1,0,0,0,0,0,0
44,3.0,23,15695.758517505174,1,689,2,2819.9147517976003,25,1,0,28343.73557503675,12,9.360502534403558,1,Need funds for the next four months.,0.9948562383651733,0,0,1,0,0,1,0,0,0,0,0,0,0,1,0,0,0,0,1,0,0,0,0,0,0,0,0,1,0,0,0
55,1.0,36,4829.817275103897,1,654,3,753.7242134619917,7,1,1,92688.01091815146,120,10.95994811695248,1,Applying for student financing for the state’s education system.,0.9295158386230469,1,0,0,0,0,0,0,0,0,0,0,0,0,0,0,0,0,0,1,0,0,1,0,0,0,0,0,0,0,0,0
39,2.0,5,9968.69026653123,2,630,2,5435.108090910408,19,0,1,12293.629206029187,36,10.4131046621276,1,I need a personal loan for my children.,0.997666597366333,1,0,0,0,0,0,0,0,0,0,0,0,1,1,0,0,0,1,0,0,0,0,0,0,0,0,0,1,0,0,0
39,0.0,6,4406.834055505055,4,726,1,1680.6808044977322,18,1,0,8075.034718052189,36,7.587392432966334,0,"I want to consolidate my debts to the present, and I want to make sure that I have the right to do so, and that I can do so in",0.9968510270118713,1,0,0,0,0,0,0,1,0,0,0,0,0,1,0,0,0,1,0,0,1,0,0,0,0,0,0,0,0,1,0
22,1.0,0,3045.8915396985926,0,492,1,1277.1774231810143,0,1,1,14829.78644659907,48,15.446906787577198,1,Need funds for the first time in a while.,0.9756120443344116,0,0,0,1,0,0,1,0,0,0,0,0,0,0,1,0,0,0,0,0,0,0,0,0,0,1,0,0,0,0,0
59,3.0,37,9989.039758932471,2,723,1,3530.434672143072,8,1,1,47322.67787957312,48,8.363697786576433,0,Need to refinance existing loans because it is not the same as a loan.,0.9978653788566589,1,0,0,0,0,0,0,1,0,0,0,0,0,1,0,0,0,1,0,0,1,0,0,0,0,0,0,0,0,0,0
19,2.0,0,3969.323888266103,0,562,4,1638.297744813164,1,1,1,95503.12242099363,180,14.347614916807297,1,"Applying for business credit to the Federal Reserve is the best way to ensure that the Federal Reserve is able to keep its interest rates low,” he",0.5709838271141052,1,0,0,0,0,0,1,0,0,0,0,0,0,0,1,0,0,0,0,0,0,0,0,0,0,0,0,0,1,0,0
47,0.0,6,6197.115489407622,0,749,0,1538.3576414867653,23,0,1,48661.686742091406,72,7.303247996179647,1,Applying for auto financing to purchase a car or a car.,0.9352849125862122,1,0,0,0,1,0,0,0,0,0,0,0,0,0,1,0,0,0,1,1,0,0,0,0,0,0,0,0,0,0,0
40,2.0,20,6109.216450252616,1,704,2,964.5834966099058,10,0,1,195977.4954299815,360,5.830966890637234,1,Business: unknown,0.0,1,0,0,0,0,0,0,0,0,0,0,0,1,1,0,0,1,0,0,0,0,0,0,0,0,0,0,0,0,0,1
49,4.0,6,14421.72334547048,1,741,0,3578.239348437245,26,1,1,41399.274067145794,60,8.352785783507645,0,Looking to finance a car because you don't want to have to pay for it.,0.9643408060073853,1,0,0,0,0,0,1,0,0,0,0,0,0,1,0,0,0,1,0,1,0,0,0,0,0,0,0,0,0,0,0
27,3.0,5,6287.806787971193,3,617,0,1584.556478240417,0,1,1,160152.677653935,120,11.494219204190728,0,Applying for business credit to a credit card company.,0.913329005241394,0,1,0,0,0,0,0,0,1,0,0,0,0,0,0,0,0,1,0,0,0,0,0,0,0,0,0,0,0,0,0
68,2.0,11,3104.193382960253,1,673,1,538.6055707300902,7,1,1,87417.42047480884,360,8.467545917041885,0,Applying for business credit to the IRS is a simple one.,0.9527750611305237,0,1,0,0,0,0,0,1,0,0,0,0,0,1,0,0,0,1,0,0,0,0,0,0,0,0,0,0,0,0,0
20,2.0,1,1159.428417360478,0,603,2,619.9615779526562,1,1,0,6951.9849362481245,60,10.132372526979491,1,Applying for financing to cover the costs of the project.,0.9215720891952515,0,1,0,0,0,0,1,0,0,0,0,0,0,0,1,0,0,1,0,0,0,0,0,0,0,0,1,0,0,0,0
51,5.0,8,12691.84457822428,3,698,3,2065.4425022298788,15,1,1,17442.65628440211,24,9.70747216231853,1,Need funds for the project.,0.9833061099052429,0,0,0,0,0,0,0,0,0,0,0,0,1,1,0,0,0,1,0,0,0,0,1,0,0,0,0,0,0,0,0
22,2.0,0,2038.0046800430937,0,611,2,549.0078987901015,2,1,0,13836.988835832946,84,11.063404546617251,1,Applying for student financing for the construction of a new campus.,0.965659499168396,1,0,0,0,0,0,0,0,1,0,0,0,0,0,1,0,0,0,1,0,0,1,0,0,0,0,0,0,0,0,0
18,3.0,0,2543.116403239308,0,646,2,963.2559003955864,0,1,1,121320.22266045243,240,11.777029897735012,1,I need a business loan to expand my business.,0.9976586103439331,1,0,0,0,0,0,0,0,1,0,0,0,0,0,1,0,0,0,1,0,0,0,0,0,0,0,0,0,0,0,0
52,3.0,4,12519.627202093525,2,774,3,1633.398090093155,18,1,0,28670.776265362376,60,5.095805599479567,0,Applying for auto financing to purchase a car and a car.,0.9316539764404297,1,0,0,0,0,0,0,0,0,0,0,0,0,1,0,0,1,0,0,1,0,0,0,0,0,0,0,0,0,0,0
39,3.0,8,13444.401258740822,3,634,1,5825.3823873577,15,1,1,15275.71174516762,36,13.600092493592044,0,Need funds for the project.,0.9833061099052429,1,0,0,0,0,0,0,0,0,0,1,0,0,1,0,0,0,0,1,0,0,0,0,0,1,0,0,0,0,0,0
62,2.0,18,8670.237393669599,0,746,2,2556.234096936963,6,1,1,17240.61155125612,48,6.189480177392856,0,I need a personal loan for a family member to keep their job.,0.9982849955558777,0,0,1,0,0,0,0,0,0,0,0,0,0,1,0,0,1,0,0,0,0,0,0,0,0,1,0,0,0,0,0
40,1.0,15,6268.821023585696,2,595,2,1828.2194680424493,0,0,1,9619.702876853507,60,19.82648024081906,1,I need a personal loan for me.,0.9985173344612122,0,1,0,0,1,0,0,0,0,0,0,0,0,1,0,0,0,1,0,0,0,0,1,0,0,0,0,0,0,0,0
68,2.0,34,7148.413825968593,1,804,0,850.7809748071952,18,1,1,5752.596805282974,12,5.169669766752033,0,I need a personal loan for the next two years.,0.9982693195343018,1,0,0,0,0,0,0,0,0,0,0,0,1,1,0,0,1,0,0,0,0,0,0,0,0,0,0,1,0,0,0
54,2.0,35,9909.047193774008,2,706,2,2309.1706986262325,14,1,0,259005.4924159744,360,7.323683181382776,0,Need mortgage financing for all of us.,0.9931873083114624,1,0,0,0,0,0,0,0,0,0,0,0,0,0,0,0,0,0,1,0,0,0,0,1,0,0,0,0,0,0,0
22,2.0,1,1762.0548058792317,0,614,1,502.7656840349699,0,1,1,26560.04543722386,48,12.448015589325784,1,I need a car loan to buy a vehicle for a few months.,0.9990615248680115,0,1,0,0,0,0,0,0,0,0,0,1,0,0,1,0,0,1,0,1,0,0,0,0,0,0,0,0,0,0,0
34,3.0,5,10717.839586980994,0,632,2,5288.352112995979,4,1,1,27972.864924899903,24,12.926451277253468,1,I need a personal loan for me.,0.9985173344612122,1,0,0,0,0,0,0,0,0,1,0,0,0,0,1,0,0,0,0,0,0,0,0,0,0,0,1,0,0,0,0
55,2.0,18,8454.681947241534,0,763,1,977.6871671933036,26,0,0,100953.38908042815,120,4.051529881778028,0,I need a business loan to expand my business.,0.9976586103439331,0,0,1,0,0,0,0,1,0,0,0,0,0,0,1,0,1,0,0,0,0,0,0,0,0,0,0,0,0,0,0
54,1.0,16,5138.138669638325,2,732,0,2025.2165679234683,0,0,0,15275.92533295578,36,6.535213744080049,0,Need funds for the project.,0.9833061099052429,1,0,0,0,1,0,0,0,0,0,0,0,0,0,0,0,0,1,0,0,0,0,0,0,1,0,0,0,0,0,0
19,3.0,0,5119.122147898609,3,560,2,1734.0306614671647,0,1,1,27279.338102305897,72,13.027732839896302,1,Looking to finance a car because you need it.,0.9811955690383911,1,0,0,0,0,0,0,0,0,0,0,1,0,1,0,0,0,1,0,1,0,0,0,0,0,0,0,0,0,0,0
43,1.0,4,6241.437011065969,0,706,0,1155.9326435759865,4,1,1,307680.5462253708,180,5.7329975853350605,1,I am applying for a home loan to purchase a new home for the next six months.,0.9959180951118469,1,0,0,0,0,0,0,0,0,0,1,0,0,0,0,0,0,0,1,0,0,0,0,1,0,0,0,0,0,0,0
44,4.0,14,16904.387677863702,2,775,1,3417.3404641616694,8,1,0,30257.47389062733,24,4.734488990910977,0,"I want to consolidate my debts to my family, and to continue my family's efforts to support my children.",0.9975123405456543,0,0,1,0,0,0,0,0,0,0,0,0,1,1,0,0,0,0,1,0,1,0,0,0,0,0,0,0,0,1,0
45,2.0,12,13367.278871083156,0,711,0,4121.812993479095,10,1,1,455011.2065657012,240,6.059710176658108,0,Need mortgage financing for the first time in 40 years.,0.9623939990997314,1,0,0,0,1,0,0,0,0,0,0,0,0,0,1,0,0,0,1,0,0,0,0,1,0,0,0,0,0,0,0
37,3.0,0,1892.358824068267,0,480,1,751.0392413801864,5,1,1,9612.223388031804,12,17.192314004835353,1,Applying for financing to cover the costs of the project.,0.9215720891952515,0,0,0,1,1,0,0,0,0,0,0,0,0,0,1,0,0,0,1,0,0,0,0,0,0,0,0,1,0,0,0
26,3.0,4,12818.70023135507,2,650,2,3565.5044249682574,6,1,0,21127.30906042125,60,11.163120739732214,1,Need funding for my education in the United States.,0.9906061291694641,1,0,0,0,0,0,0,0,0,0,0,0,1,0,1,0,0,0,0,0,0,1,0,0,0,0,0,0,0,0,0
57,2.0,35,6119.508451012385,2,748,2,2403.054410098253,25,1,1,28557.88474182982,48,6.564524080770671,0,Need funds for the new game.,0.9976958632469177,1,0,0,0,0,0,0,0,0,0,0,0,1,0,0,1,0,0,1,0,0,0,0,0,0,1,0,0,0,0,0
19,1.0,0,856.744259190854,0,547,1,502.2220669559596,1,1,0,71869.66547165567,120,17.654476754524865,1,Applying for student financing for a school-based program to help students with college debt.,0.9917925596237183,0,1,0,0,0,0,0,0,0,0,0,0,1,0,1,0,0,0,1,0,0,1,0,0,0,0,0,0,0,0,0
31,2.0,5,9256.411061082654,2,663,2,2055.26918854586,3,1,1,13099.402664038476,48,9.471193323568563,1,I need a personal loan for me.,0.9985173344612122,1,0,0,0,0,0,1,0,0,0,0,0,0,1,0,0,0,1,0,0,0,0,0,0,0,1,0,0,0,0,0
21,0.0,0,2028.9863828009236,0,623,1,995.3308809924288,0,0,0,10278.90943851701,60,10.52032628756727,1,Need funds for the project.,0.9833061099052429,0,0,1,0,1,0,0,0,0,0,0,0,0,0,1,0,0,0,0,0,0,0,0,0,1,0,0,0,0,0,0
21,1.0,1,1801.7346932025268,0,555,1,791.0118672851677,2,1,1,113339.42086724903,240,14.939484747993797,1,I am applying for a home loan to purchase a house in the United States.,0.9913657903671265,1,0,0,0,0,0,0,1,0,0,0,0,0,1,0,0,0,0,1,0,0,0,0,1,0,0,0,0,0,0,0
31,2.0,0,1914.8350553215664,0,519,1,1288.011475017329,8,1,1,210526.03012380583,120,17.090459918874792,1,I am applying for a home loan to purchase a house in the city of Sydney.,0.9915100336074829,0,0,0,1,0,0,0,0,1,0,0,0,0,1,0,0,0,1,0,0,0,0,0,1,0,0,0,0,0,0,0
45,1.0,8,6569.496091710398,1,717,0,2218.403054297531,2,0,1,18949.518469566,60,5.782455730377094,0,"I need a personal loan for me to use,” he said.",0.9965163469314575,1,0,0,0,0,0,0,0,0,0,0,0,0,1,0,0,0,1,0,0,0,0,0,0,0,1,0,0,0,0,0
68,2.0,17,8930.985679512156,2,751,0,1868.7934824193976,5,1,0,34475.14354766039,120,4.160154961734297,0,I need an education loan to pursue a career in finance.,0.9976776242256165,1,0,0,0,0,0,0,0,0,0,0,0,1,1,0,0,1,0,0,0,0,1,0,0,0,0,0,0,0,0,0
31,3.0,11,9463.86529243959,0,623,2,4656.002187737896,12,1,0,52883.50454004634,120,10.237886275469124,1,I need an education loan to pursue a career in finance.,0.9976776242256165,1,0,0,0,0,0,0,0,0,0,1,0,0,1,0,0,0,0,1,0,0,1,0,0,0,0,0,0,0,0,0
42,3.0,14,9021.699464858582,0,670,1,1428.111015302498,11,1,0,12598.660031018097,60,10.78406686456969,0,"Need funds for the study, which is funded by the National Institutes of Health.",0.9565858244895935,1,0,0,0,0,0,0,0,0,0,0,1,0,0,1,0,0,0,1,0,0,0,0,0,0,0,0,1,0,0,0
63,1.0,28,8915.771775799181,3,758,1,1678.3438545682868,9,0,0,71486.54708009333,84,4.824154196637703,0,Need funding for my education in the United States and abroad.,0.9667690992355347,1,0,0,0,0,1,0,0,0,0,0,0,0,1,0,0,0,0,1,0,0,1,0,0,0,0,0,0,0,0,0
21,2.0,0,1604.272713749218,0,553,2,551.0219904934486,2,1,1,43054.40850248041,12,13.011506299787149,1,Applying for debt consolidation to reduce the risk of default.,0.9485341310501099,0,0,0,1,0,0,0,0,1,0,0,0,0,0,1,0,0,0,0,0,1,0,0,0,0,0,0,0,0,0,0
23,0.0,1,1145.6102350017015,0,614,0,356.36900063307075,5,1,0,5454.077301006113,24,13.530937522693687,0,Need to refinance existing loans because of the low interest rates.,0.9980505704879761,1,0,0,0,0,0,0,0,0,1,0,0,0,0,1,0,0,0,0,0,1,0,0,0,0,0,0,0,0,0,0
19,3.0,0,2440.726047636327,1,546,1,1400.833205732039,1,0,1,167954.5939023809,180,14.89866061949295,1,I am applying for a home loan to purchase a new home.,0.9955964684486389,0,0,0,1,0,0,0,0,1,0,0,0,0,0,1,0,0,0,1,0,0,0,0,1,0,0,0,0,0,0,0
66,5.0,4,8717.972049846298,1,850,0,483.91147332560433,26,1,0,17636.377947761248,60,4.4605167824645005,0,Need funds for the development of the game.,0.9959664344787598,1,0,0,0,1,0,0,0,0,0,0,0,0,1,0,0,1,0,0,0,0,0,0,0,0,0,0,1,0,0,0
33,1.0,11,8891.334357581407,1,735,2,2051.5786496036635,6,1,0,24879.654869217597,60,6.816914262116908,0,Applying for financing to cover the costs of the project.,0.9215720891952515,1,0,0,0,0,0,0,0,0,0,0,0,0,0,0,1,0,0,0,0,0,0,0,0,0,1,0,0,0,0,0
34,4.0,9,14641.663392731962,1,661,2,4398.186862234828,5,1,1,18345.19604926688,36,10.15651848882676,0,"Applying for debt consolidation to reduce the size of the federal government,” the debt consolidation act will require the federal government to increase the size of the federal",0.8263571262359619,1,0,0,0,0,0,0,1,0,0,0,0,0,1,0,0,0,1,0,0,1,0,0,0,0,0,0,0,0,0,0
55,4.0,17,13610.43926690916,2,773,2,891.7958450134596,11,1,0,119943.514493144,120,4.9757138573829,0,I need a business loan to expand my family’s business.,0.9965218305587769,1,0,0,0,0,0,1,0,0,0,0,0,0,1,0,0,0,1,0,0,0,0,0,0,0,0,0,0,0,0,0
41,3.0,18,10457.678332388476,3,778,1,2503.643462412896,20,1,1,29183.90444470688,12,3.5550879007437604,0,Need funds for the project.,0.9833061099052429,1,0,0,0,0,1,0,0,0,0,0,0,0,1,0,0,1,0,0,0,0,0,0,0,0,1,0,0,0,0,0
58,2.0,6,6910.56795987724,2,816,3,599.0663509848785,20,1,1,449240.906846516,120,4.665774390350425,0,"Looking to buy a house for my family because I have a mortgage, I can’t afford to buy a house for my family.",0.9983944296836853,1,0,0,0,0,0,0,1,0,0,0,0,0,1,0,0,0,1,0,0,0,0,0,1,0,0,0,0,0,0,0
20,1.0,1,3142.795112694062,0,593,3,1653.9096128685112,1,1,0,199424.7005974786,180,16.37065646058785,0,Looking to buy a house for my family because it's not a good idea to buy a house for my family because it's not a good idea to buy a house for,0.9997983574867249,1,0,0,0,0,0,0,1,0,0,0,0,0,0,1,0,1,0,0,0,0,0,0,1,0,0,0,0,0,0,0
20,1.0,1,1460.232559569951,0,576,1,737.1297029393845,0,1,1,15522.995985037043,12,18.95161537575822,1,I need a personal loan for a new home.,0.9989307522773743,0,1,0,0,0,0,0,0,0,0,0,1,0,0,1,0,0,0,0,0,0,0,0,0,0,0,1,0,0,0,0
19,3.0,0,2408.567838394007,0,688,1,584.8169190369026,1,1,0,68140.9261852029,120,9.858127261906006,1,Applying for student financing for the project.,0.9057537913322449,1,0,0,0,0,1,0,0,0,0,0,0,0,0,1,0,0,0,1,0,0,1,0,0,0,0,0,0,0,0,0
49,4.0,18,14467.066775988824,0,771,2,1729.7091460044026,5,1,0,21950.403813976587,36,4.167570675423553,0,Wedding: unknown,0.0,1,0,0,0,0,0,0,0,1,0,0,0,0,0,1,0,1,0,0,0,0,0,0,0,0,0,0,1,0,0,1
20,3.0,1,4520.907022303078,2,559,1,1473.9533044955415,1,1,1,21376.75565412523,36,14.626050937030053,1,I need a car loan to buy a vehicle for a living.,0.9988601207733154,1,0,0,0,0,0,0,0,0,0,1,0,0,0,1,0,0,0,1,1,0,0,0,0,0,0,0,0,0,0,0
24,3.0,1,2635.077580037593,2,559,0,702.4240829063328,3,1,0,28559.58635005692,12,16.069197006754045,0,Need funds for the first time.,0.8434478640556335,1,0,0,0,0,0,0,0,0,0,1,0,0,1,0,0,0,1,0,0,0,0,0,0,0,0,0,1,0,0,0
43,1.0,1,7715.078537232928,2,762,1,695.6826575025916,11,0,0,22329.848520567022,48,3.602958738198179,0,I need a personal loan for the rest of my life.,0.9969384670257568,1,0,0,0,0,1,0,0,0,0,0,0,0,1,0,0,0,0,0,0,0,0,0,0,0,0,1,0,0,0,0
19,2.0,0,3917.6317035650873,0,537,1,1592.8502967047689,0,1,1,16922.502661699247,60,14.731382210733583,0,I need a personal loan for the future.,0.9985236525535583,1,0,0,0,0,0,0,0,0,0,1,0,0,0,1,0,0,0,1,0,0,0,0,0,1,0,0,0,0,0,0
22,2.0,2,2061.450176670226,0,621,1,622.8750030453416,1,1,1,54359.12615896754,120,12.60796341546342,1,I need an education loan to pursue a career in economics.,0.9981145858764648,0,1,0,0,0,1,0,0,0,0,0,0,0,0,1,0,1,0,0,0,0,1,0,0,0,0,0,0,0,0,0
50,3.0,6,8301.061764482674,2,731,1,2983.630097139414,29,1,1,21892.25292598202,12,6.127214862213141,0,I need a personal loan for me.,0.9985173344612122,1,0,0,0,0,0,0,0,1,0,0,0,0,0,0,1,0,0,1,0,0,0,0,0,0,1,0,0,0,0,0
19,1.0,0,1029.196434976381,0,466,2,432.81649643280366,0,0,1,21278.14362380811,36,13.875498676153985,1,"Applying for financing to cover the cost of the loan, the loan would be covered by the amount of the loan.",0.9607434272766113,0,0,0,1,0,1,0,0,0,0,0,0,0,0,1,0,0,0,1,0,0,0,0,0,0,1,0,0,0,0,0
43,0.0,11,8165.557756534911,3,682,4,1330.9641775549348,19,1,1,6428.469441784488,12,7.795978823340333,0,Applying for debt consolidation to reduce the deficit.,0.969321608543396,1,0,0,0,0,0,0,0,1,0,0,0,0,1,0,0,0,1,0,0,1,0,0,0,0,0,0,0,0,0,0
20,3.0,0,3263.7987798806266,4,499,0,1256.9823307690383,2,1,1,135911.33192006883,360,19.214274565897902,1,Seeking financing to start my own business.,0.9802054166793823,0,0,0,1,0,0,0,0,0,0,0,0,1,1,0,0,0,0,0,0,0,0,0,0,0,0,0,0,0,0,0
19,0.0,0,722.1438585584959,0,584,2,347.10590445778115,1,1,0,38424.08888465195,60,14.422988597408777,1,"Need funding for my education in the US is only $40,000, so I'm getting to do it in the next few weeks.",0.994162380695343,0,1,0,0,0,1,0,0,0,0,0,0,0,0,1,0,0,0,0,0,0,1,0,0,0,0,0,0,0,0,0
25,1.0,2,6174.779648611037,0,699,3,1212.217852269626,1,1,1,11966.076577875909,36,8.13993222954086,0,Applying for financing to cover the cost of the cost of the project.,0.9526712894439697,1,0,0,0,0,0,0,0,0,0,1,0,0,0,0,0,0,0,1,0,0,0,0,0,1,0,0,0,0,0,0
65,4.0,16,6196.941050090905,3,772,2,1492.1348840409726,23,1,1,92337.79511984036,60,3.538641541322169,0,Need funding for my education in the first place.,0.9949068427085876,0,0,1,0,1,0,0,0,0,0,0,0,0,1,0,0,0,1,0,0,0,1,0,0,0,0,0,0,0,0,0
64,2.0,15,4773.278331463896,0,704,1,1193.6781621670466,24,0,1,36395.04081636193,24,7.589504398681237,0,Need to refinance existing loans because the loan has been approved by the government.,0.9928240776062012,1,0,0,0,0,0,0,0,0,0,0,1,0,0,0,0,0,0,1,0,1,0,0,0,0,0,0,0,0,0,0
34,3.0,2,10874.267125226805,0,721,1,1704.0351688118149,5,0,0,23492.496532910467,120,7.4969397884334255,1,Need funding for my education in the United States.,0.9906061291694641,1,0,0,0,0,0,0,0,0,0,0,0,1,0,1,0,0,1,0,0,0,1,0,0,0,0,0,0,0,0,0
66,3.0,34,10237.324338710609,2,811,1,2182.4889084154997,17,0,1,43761.64983635462,12,5.797316334098886,0,Need to refinance existing loans because they are not profitable.,0.9995896220207214,1,0,0,0,0,0,0,0,0,0,0,0,0,1,0,0,1,0,0,0,1,0,0,0,0,0,0,0,0,0,0
29,2.0,7,5177.111842092725,0,604,3,2149.8330255285723,7,1,0,7174.668997785253,48,11.490754068049256,1,Applying for financing to cover the cost of the loan.,0.9369967579841614,1,0,0,0,0,0,0,0,0,0,1,0,0,1,0,0,0,0,1,0,0,0,0,0,0,1,0,0,0,0,0
63,1.0,34,3937.8974775477386,1,657,3,824.2502674331987,6,0,1,81944.94717787186,120,9.773715146665252,0,I need a business loan to expand my business.,0.9976586103439331,0,1,0,0,0,0,0,0,0,0,0,0,0,0,0,0,0,0,1,0,0,0,0,0,0,0,0,0,0,0,0
42,1.0,13,5108.654223764623,1,634,1,2584.7388410845424,19,1,1,25949.68691518839,48,12.12911446002037,1,Need funds for the project.,0.9833061099052429,0,0,1,0,1,0,0,0,0,0,0,0,0,1,0,0,0,0,1,0,0,0,1,0,0,0,0,0,0,0,0
63,3.0,15,6547.577930076558,2,750,0,2578.40341164894,3,0,0,25830.10891491686,60,8.399642549656248,0,Applying for financing to cover the costs of the project.,0.9215720891952515,0,1,0,0,0,0,1,0,0,0,0,0,0,1,0,0,0,0,1,0,0,0,0,0,1,0,0,0,0,0,0
46,4.0,20,13280.486002283742,2,779,2,3223.492623565148,22,1,0,26325.236386684,12,4.462744321504813,0,Applying for financing to cover the cost of the project.,0.9172947406768799,0,0,0,0,0,0,0,0,0,0,1,0,0,1,0,0,1,0,0,0,0,0,1,0,0,0,0,0,0,0,0
59,1.0,17,6895.80242987896,3,691,2,1504.3606761572505,11,1,1,47219.41913728164,120,8.13402272337138,0,I need an education loan to pursue a career in finance.,0.9976776242256165,1,0,0,0,0,0,0,0,0,0,1,0,0,1,0,0,1,0,0,0,0,1,0,0,0,0,0,0,0,0,0
31,2.0,11,6349.30788559243,0,665,0,1894.5542487848595,3,0,0,27473.704639526102,36,7.843862776431692,1,I need a personal loan for me to be able to live in a comfortable and comfortable life.,0.7208918333053589,0,0,0,0,0,0,0,0,0,0,0,0,0,0,0,1,0,1,0,0,0,0,0,0,0,0,1,0,0,0,0
59,2.0,0,2483.330904716754,0,619,3,1312.157915967592,26,1,1,7193.382468825783,60,13.789872681509443,1,Need funds for the project.,0.9833061099052429,0,0,0,1,0,0,0,0,0,0,0,0,0,0,1,0,0,0,1,0,0,0,0,0,0,0,1,0,0,0,0
64,1.0,30,8019.254293809491,2,781,0,713.7280354332308,9,1,0,21302.326547041263,60,5.478658852223798,0,Need funds for the upcoming season.,0.9933356046676636,1,0,0,0,0,0,0,0,0,0,0,1,0,0,0,0,1,0,0,0,0,0,0,0,0,0,1,0,0,0,0
20,3.0,1,2416.1127098840952,0,613,0,1243.053003293573,1,1,1,19612.49488826976,36,12.570310441294536,0,I need a personal loan for my son.,0.997896671295166,0,1,0,0,0,0,0,0,1,0,0,0,0,0,1,0,0,0,0,0,0,0,0,0,0,0,1,0,0,0,0
60,2.0,32,6342.453941861754,2,625,3,1636.735542957202,25,1,1,22121.68484718661,12,12.12542732701078,1,Debt Consolidation: unknown,0.0,0,0,1,0,0,0,1,0,0,0,0,0,0,0,0,1,0,1,0,0,1,0,0,0,0,0,0,0,0,0,1
64,1.0,11,4632.041031278414,0,687,1,1542.1509055334675,25,0,1,137111.22874045264,180,10.156741287404316,0,Applying for business credit to a company is not a legal requirement.,0.9986239671707153,1,0,0,0,0,0,1,0,0,0,0,0,0,0,0,0,1,0,0,0,0,0,0,0,0,0,0,0,0,0,0
38,1.0,18,11515.42251756046,2,724,1,3073.7000689561523,16,1,1,133393.24463913782,180,6.782459362270804,0,Applying for business credit to the bank account of the person who is making the loan.,0.9779320359230042,1,0,0,0,0,1,0,0,0,0,0,0,0,0,0,1,0,1,0,0,0,0,0,0,0,0,0,0,0,0,0
44,3.0,17,17851.083015571192,3,799,0,3262.4271093386383,9,1,1,48352.749539609766,36,5.84205615508273,0,Debt Consolidation: unknown,0.0,0,0,1,0,0,0,0,1,0,0,0,0,0,1,0,0,0,1,0,0,1,0,0,0,0,0,0,0,0,0,1
22,3.0,1,2735.8877954837644,0,534,2,1723.1425040936106,3,0,1,32693.940242065182,36,17.877187001467554,1,"I need a car loan to buy a vehicle for the next three years,” he said.",0.9976094961166382,0,1,0,0,0,0,0,0,0,1,0,0,0,0,1,0,0,0,1,1,0,0,0,0,0,0,0,0,0,0,0
63,3.0,3,11675.714943622535,0,801,3,1268.327614160635,22,1,0,27408.395463027995,48,3.71377132713617,0,Applying for financing to cover the costs of the project.,0.9215720891952515,1,0,0,0,0,0,1,0,0,0,0,0,0,1,0,0,0,1,0,0,0,0,1,0,0,0,0,0,0,0,0
22,2.0,1,3265.0475191600617,0,533,3,1199.7244379129318,3,1,0,222657.9175701531,180,18.46149144401072,0,Looking to buy a house for my family because of my love of the house and love of the place I live.,0.9996485710144043,1,0,0,0,0,1,0,0,0,0,0,0,0,0,1,0,0,0,1,0,0,0,0,1,0,0,0,0,0,1,0
21,1.0,1,2169.654198015553,0,616,0,1108.2637738912345,0,1,1,10942.46900765572,48,12.50855357624447,1,I need a personal loan for me.,0.9985173344612122,1,0,0,0,0,0,0,1,0,0,0,0,0,0,1,0,0,0,0,0,0,0,0,0,0,0,1,0,0,0,0
43,1.0,17,7392.681390334073,1,775,1,940.8268959681434,0,0,1,61645.712869406205,84,5.618179169304648,0,Need funding for my education in the UK.,0.9922007918357849,1,0,0,0,0,0,0,0,0,1,0,0,0,1,0,0,0,1,0,0,0,1,0,0,0,0,0,0,0,0,0
22,1.0,2,1491.6894195496063,0,491,1,914.5751823694308,1,0,1,86976.89424343567,180,17.90225378043526,1,I am applying for a home loan to purchase a house in the UK.,0.9901642203330994,0,1,0,0,0,0,0,0,0,0,0,1,0,0,1,0,0,1,0,0,0,0,0,1,0,0,0,0,0,0,0
63,2.0,0,4784.091171077329,0,657,1,1146.8402879845214,10,1,1,192402.82185892027,360,10.70600189908545,1,Seeking financing to start my own family business in the Philippines.,0.9721521735191345,0,1,0,0,0,0,0,1,0,0,0,0,0,0,1,0,0,1,0,0,0,0,0,0,0,0,0,0,0,0,0
47,2.0,2,9493.726514128928,0,847,1,2261.4972891866933,5,1,1,455429.2752616194,180,5.964513302125514,0,I am applying for a home loan to purchase a new home in the United Kingdom.,0.9917604923248291,1,0,0,0,0,1,0,0,0,0,0,0,0,0,1,0,1,0,0,0,0,0,0,1,0,0,0,0,0,0,0
52,1.0,1,5603.228368237482,0,627,2,2464.746809548036,1,1,1,16298.578585958396,72,13.833925459281588,1,Applying for auto financing to purchase a new car.,0.9528282284736633,0,0,0,0,0,0,1,0,0,0,0,0,0,0,1,0,0,1,0,1,0,0,0,0,0,0,0,0,0,0,0
23,3.0,3,3095.2439670960125,0,531,1,1362.0695321401258,5,1,1,27893.88916817661,24,15.303764967439124,1,Need to refinance existing loans because they are not currently on the books.,0.998927891254425,1,0,0,0,0,0,0,1,0,0,0,0,0,0,1,0,0,0,1,0,1,0,0,0,0,0,0,0,0,0,0
53,1.0,0,1554.9735100597684,1,544,1,1076.952062254753,13,1,1,17992.568523916183,48,14.210613893096111,1,I need a car loan to buy a vehicle for the next five years.,0.9990255832672119,0,0,0,1,1,0,0,0,0,0,0,0,0,1,0,0,1,0,0,1,0,0,0,0,0,0,0,0,0,0,0
50,0.0,31,3090.314682387023,0,676,1,863.5201755566754,19,1,1,7196.662478620834,36,7.616210880769783,0,"I need a personal loan for my child,” she said.",0.9888551831245422,0,1,0,0,1,0,0,0,0,0,0,0,0,0,1,0,0,1,0,0,0,0,0,0,0,0,1,0,0,0,0
37,1.0,4,6030.621155325949,3,598,3,3218.7281856047894,1,1,0,35650.29088787409,60,19.947933710658177,1,Need funding for my education in the UK.,0.9922007918357849,1,0,0,0,0,1,0,0,0,0,0,0,0,1,0,0,0,1,0,0,0,1,0,0,0,0,0,0,0,0,0
24,2.0,0,1493.4007122837725,1,609,1,628.6969317082443,4,1,1,23744.18895835617,48,11.107227188464616,1,"Need funds for the project, as well as the money for the project.",0.9897513389587402,0,1,0,0,0,0,1,0,0,0,0,0,0,0,0,0,0,0,1,0,0,0,0,0,0,0,0,1,0,0,0
41,2.0,16,12261.512653405376,1,758,3,1624.939005963906,4,0,1,21740.813860675244,60,4.3520088506325445,0,Applying for debt consolidation to reduce the debt burden.,0.9466431140899658,1,0,0,0,0,0,0,0,0,0,0,1,0,1,0,0,0,1,0,0,1,0,0,0,0,0,0,0,0,0,0
32,4.0,7,17000.08362774455,2,651,3,6102.290212340671,9,1,1,19948.59649020221,48,10.198929855481603,1,Debt Consolidation: unknown,0.0,0,0,1,0,0,0,0,0,0,1,0,0,0,1,0,0,0,0,0,0,1,0,0,0,0,0,0,0,0,0,1
28,3.0,3,7440.168189392299,0,762,1,1414.2744876542222,4,0,1,41965.65273758964,72,5.853942131834835,1,Applying for auto financing to purchase a new home.,0.9567456245422363,0,1,0,0,0,0,0,0,0,0,0,1,0,0,1,0,0,0,0,1,0,0,0,0,0,0,0,0,0,0,0
60,0.0,23,4921.986078823054,1,665,2,1790.6271305166215,27,1,0,20076.60765426292,36,10.245473003011965,0,I need a personal loan for me.,0.9985173344612122,0,0,1,0,0,1,0,0,0,0,0,0,0,1,0,0,0,1,0,0,0,0,0,0,0,0,1,0,0,0,0
24,1.0,2,1915.5803053203076,0,500,4,1325.3929135906455,4,0,0,197464.65081798373,360,16.47224366584385,1,"Seeking financing to start my own company, I've been looking for a way to make money off of the stock market.",0.998400866985321,0,1,0,0,0,0,0,0,0,0,0,0,0,0,1,0,0,0,1,0,0,0,0,0,0,0,0,0,0,0,0
66,3.0,37,8325.951874827542,3,752,3,587.7813619235932,9,1,0,26702.69839586688,48,5.383115551868627,0,Applying for auto financing to purchase or purchase a car.,0.8869458436965942,1,0,0,0,0,0,0,0,0,0,0,0,1,1,0,0,1,0,0,1,0,0,0,0,0,0,0,0,0,0,0
54,1.0,12,3977.815014058836,3,741,1,1399.096337356131,11,0,0,12348.068224287616,12,7.359898874388501,1,Applying for financing to cover the costs of the project.,0.9215720891952515,0,0,1,0,0,0,0,0,0,1,0,0,0,1,0,0,0,0,0,0,0,0,0,0,1,0,0,0,0,0,0
30,2.0,7,6491.362271170614,2,685,3,1919.217743428004,1,0,0,29886.85380867036,60,8.275310452395871,1,I need a personal loan for me.,0.9985173344612122,1,0,0,0,0,0,0,1,0,0,0,0,0,1,0,0,0,0,0,0,0,0,0,0,0,1,0,0,0,0,0
43,1.0,24,2766.4965357369106,1,619,0,1092.2516792404892,21,1,1,24436.38667955964,48,12.897018109996534,1,"Applying for financing to cover the cost of the project, the state will receive $1.",0.7811457514762878,0,1,0,0,0,0,0,0,0,0,0,1,0,1,0,0,0,1,0,0,0,0,0,0,1,0,0,0,0,0,0
31,1.0,11,4808.027036547076,0,708,2,1336.9925351484435,2,1,1,24339.302543268008,36,7.58000546120412,0,Applying for financing to cover the cost of the project.,0.9172947406768799,1,0,0,0,0,0,0,0,0,1,0,0,0,0,1,0,0,1,0,0,0,0,0,0,1,0,0,0,0,0,0
62,2.0,35,5183.097891808397,1,677,2,1974.412246412796,21,1,0,168757.4692358334,120,9.795372685645876,1,Seeking financing to start my own business in the Netherlands.,0.9850518703460693,1,0,0,0,0,0,0,0,0,0,0,0,0,1,0,0,0,0,1,0,0,0,0,0,0,0,0,0,0,0,0
21,1.0,1,913.770589565369,0,484,0,599.4842538015239,3,0,0,13543.94005746407,60,13.2456132785141,1,Applying for financing to cover the costs associated with the bill.,0.9602696895599365,0,1,0,0,0,0,0,0,0,0,0,0,0,0,1,0,0,1,0,0,0,0,0,0,0,0,0,1,0,0,0
20,0.0,0,2184.4496696361884,1,514,0,1431.553089872157,1,0,1,79956.45689214926,180,19.736366402368446,1,I am applying for a home loan to purchase a new home in the city of Vancouver.,0.9938634634017944,1,0,0,0,0,0,0,0,0,0,0,0,1,0,1,0,0,0,1,0,0,0,0,1,0,0,0,0,0,0,0
22,3.0,1,4796.080368816553,0,576,2,2556.447199597577,2,1,1,7462.366041985081,36,16.465391619582093,1,I need a personal loan for me.,0.9985173344612122,0,0,0,0,0,0,0,0,1,0,0,0,0,0,1,0,0,0,1,0,0,0,0,0,0,0,1,0,0,0,0
27,3.0,4,11829.65496315265,0,787,1,2741.4073388019706,6,1,1,25196.01950901916,180,5.391589509462337,0,Applying for business credit to the Department of Agriculture.,0.8465551137924194,1,0,0,0,0,0,0,0,0,0,0,0,1,0,1,0,0,0,0,0,0,0,0,0,0,0,0,0,0,0,0
35,1.0,16,10909.51174084996,3,651,0,4156.618047157043,10,1,1,17718.53446454935,48,9.974981312774904,1,Looking to finance a car because it’s not a good car.,0.9997798800468445,1,0,0,0,0,0,0,0,0,0,0,0,0,1,0,0,0,1,0,1,0,0,0,0,0,0,0,0,0,0,0
23,1.0,1,3316.0944966301176,2,634,1,1713.570238711715,0,1,1,10479.608641308292,60,12.3302067855384,1,Applying for financing to cover the cost of the project.,0.9172947406768799,0,0,0,0,0,0,0,0,0,0,0,0,0,1,0,0,0,1,0,0,0,0,0,0,1,0,0,0,0,0,0
20,2.0,0,3685.794012136043,0,602,1,1997.4537925802204,1,1,1,145226.40532715133,240,13.287162547377797,1,I am applying for a home loan to purchase a home.,0.9946223497390747,0,0,0,0,0,0,0,0,0,0,0,1,0,0,1,0,0,0,1,0,0,0,0,1,0,0,0,0,0,0,0
44,3.0,13,13678.276244713808,0,684,1,2055.2372607715006,9,1,1,20004.548607858134,48,10.581919198186348,1,Applying for financing to cover expenses for the administration of the federal government.,0.9413852691650391,1,0,0,0,0,0,0,0,0,0,0,0,0,0,0,1,0,1,0,0,0,0,1,0,0,0,0,0,0,0,0
57,2.0,19,4886.602419224288,1,646,1,2481.7483123255884,23,1,1,28566.153661991608,24,10.602632927955671,1,I need a personal loan for me.,0.9985173344612122,0,1,0,0,0,1,0,0,0,0,0,0,0,1,0,0,0,0,1,0,0,0,0,0,0,0,1,0,0,0,0
38,4.0,4,20905.024747610554,2,791,1,5097.909936388312,0,1,1,57078.80597531339,84,5.239371722461543,0,Applying for student financing for the project.,0.9057537913322449,1,0,0,0,1,0,0,0,0,0,0,0,0,0,0,0,0,1,0,0,0,1,0,0,0,0,0,0,0,0,0
18,3.0,0,3520.481140578042,0,641,0,1935.745844637368,0,1,1,20125.61493007353,60,10.266643053111476,1,Need funds for the project.,0.9833061099052429,1,0,0,0,1,0,0,0,0,0,0,0,0,1,0,0,0,0,1,0,0,0,0,0,0,1,0,0,0,0,0
24,2.0,1,2971.465243373136,0,659,2,929.4572130397238,1,1,0,24199.16894524513,12,9.24842206793654,1,I need a personal loan for the next two years.,0.9982693195343018,0,0,0,0,0,1,0,0,0,0,0,0,0,0,1,0,0,1,0,0,0,0,0,0,0,0,1,0,0,0,0
23,0.0,0,1749.6285581989346,0,476,2,1145.5725997316708,0,1,0,120735.653515389,360,18.89735156539829,1,Applying for business credit to the IRS is a simple one.,0.9527750611305237,1,0,0,0,0,0,0,0,0,1,0,0,0,0,1,0,0,0,1,0,0,0,0,0,0,0,0,0,0,0,0
33,1.0,0,4577.166693082626,0,648,2,1726.57893475846,6,0,0,172221.64278298788,180,13.856880799352124,1,Looking to buy a house for my family because I have a lot of money and I want to take a look at the house I live in.,0.9963674545288086,1,0,0,0,0,0,0,0,0,0,1,0,0,0,1,0,0,1,0,0,0,0,0,1,0,0,0,0,0,1,0
36,1.0,6,8202.585639390167,3,733,2,1636.4336992504066,0,1,0,10196.45105867556,36,6.90717589689163,1,Need funds for a new project.,0.9936864972114563,1,0,0,0,0,0,0,0,0,0,0,0,0,1,0,0,0,0,1,0,0,0,0,0,0,1,0,0,0,0,0
37,3.0,9,18167.03354066452,2,696,1,3724.7474911976255,3,1,1,13763.013357154045,36,7.740497872033863,0,I need a personal loan for me.,0.9985173344612122,1,0,0,0,1,0,0,0,0,0,0,0,0,1,0,0,0,1,0,0,0,0,0,0,0,1,0,0,0,0,0
51,1.0,15,3201.352200570754,0,648,3,1527.5205754171404,11,1,0,13263.205867175237,24,12.011638167609092,1,I need a personal loan for my family.,0.9983909130096436,0,1,0,0,0,1,0,0,0,0,0,0,0,0,1,0,1,0,0,0,0,0,0,0,1,0,0,0,0,0,0
36,4.0,11,8004.43641187125,0,677,2,2857.6201902895364,7,0,1,14854.248763205578,24,9.869919787040406,1,I need a personal loan for me to get my house back.,0.9992616772651672,1,0,0,0,0,0,1,0,0,0,0,0,0,0,1,0,0,1,0,0,0,0,0,0,0,0,0,1,0,0,0
62,0.0,17,3392.675619635761,0,647,2,1149.2594658921157,3,0,1,5027.802354904685,48,10.871565518506976,0,I need a personal loan for me.,0.9985173344612122,0,1,0,0,0,0,0,0,0,0,0,1,0,0,0,1,1,0,0,0,0,0,0,0,0,1,0,0,0,0,0
42,3.0,0,772.820033249414,0,586,0,292.1276682782033,11,1,1,20872.855882801603,24,16.434267818182178,1,Vacation: unknown,0.0,0,0,0,1,0,1,0,0,0,0,0,0,0,0,1,0,0,0,1,0,0,0,0,0,0,0,1,0,0,0,1
22,1.0,1,875.8578352587837,0,516,2,374.0474562576125,4,1,0,35746.644364681815,48,18.958448398341385,0,"Need to refinance existing loans because of the difficulty with the loan,” said the bank.",0.9983069896697998,0,1,0,0,0,0,0,0,1,0,0,0,0,0,1,0,0,0,0,0,1,0,0,0,0,0,0,0,0,0,0
46,2.0,23,8951.860087257457,2,715,1,2489.254381008201,25,1,1,7857.144249949486,24,7.536693175233522,0,"Need funds for the project, but they are currently looking for a new one.",0.995458722114563,1,0,0,0,0,0,0,0,0,0,0,0,0,1,0,0,1,0,0,0,0,0,0,0,0,1,0,0,0,0,0
45,3.0,21,7719.430192857669,1,725,0,2099.0425023229955,22,0,0,21305.60648863681,60,7.301953199645068,0,I need a personal loan for me to make sure that I'm not going to be able to pay for the loan.,0.9996249675750732,1,0,0,0,0,0,1,0,0,0,0,0,0,0,1,0,0,0,1,0,0,0,0,0,1,0,0,0,0,0,0
24,2.0,0,597.0161612627023,0,578,2,227.0385563443037,5,1,1,11385.284399567705,36,13.042981138652884,1,I need a personal loan for my daughter.,0.998080849647522,0,0,0,1,0,0,0,0,0,0,1,0,0,0,1,0,0,1,0,0,0,0,0,0,0,0,0,1,0,0,0
24,2.0,1,1075.5175872869193,0,623,1,374.78554018778783,4,0,1,16349.747779992476,24,10.504008111455978,0,Need funds for the project.,0.9833061099052429,0,1,0,0,1,0,0,0,0,0,0,0,0,0,1,0,0,0,0,0,0,0,1,0,0,0,0,0,0,0,0
50,3.0,5,10442.037102267575,0,749,2,2217.691239451341,24,1,0,5050.462943705848,60,5.851198124272506,0,I need a personal loan for me.,0.9985173344612122,1,0,0,0,0,0,1,0,0,0,0,0,0,0,0,0,0,0,1,0,0,0,0,0,0,0,0,1,0,0,0
37,2.0,8,8184.947369078999,2,722,1,2964.790304607566,8,0,1,53472.46736714865,60,7.9363215866179,1,Need funding for my education in the USA is an incredible amount.,0.9997628331184387,0,1,0,0,0,0,0,0,1,0,0,0,0,1,0,0,0,1,0,0,0,1,0,0,0,0,0,0,0,1,0
23,0.0,3,2300.757958628563,0,541,0,1228.4082826052208,0,1,0,36402.47534773265,48,18.545338363611734,0,Need to refinance existing loans because they are not available for the public.,0.9990814924240112,1,0,0,0,0,0,0,0,0,0,1,0,0,0,1,0,0,1,0,0,1,0,0,0,0,0,0,0,0,0,0
32,3.0,8,10378.708192618113,0,660,2,2584.1455026223884,7,0,1,34431.459671889184,120,7.931394669828086,1,"Need funding for my education in the US is $10,000 per year.",0.9871074557304382,1,0,0,0,0,0,0,0,1,0,0,0,0,0,1,0,0,1,0,0,0,1,0,0,0,0,0,0,0,0,0
23,3.0,0,4415.828389878088,0,569,0,2069.4631996774383,0,1,1,23694.41595680252,48,14.472943386190629,1,"Applying for financing to cover the costs of the project, the state has agreed to reimburse the state for the costs incurred in the project.",0.6155543327331543,0,0,0,1,0,0,0,0,0,1,0,0,0,0,1,0,0,0,0,0,0,0,0,0,0,0,0,1,0,0,0
34,2.0,12,14908.776250239742,0,618,2,7559.45983163574,2,0,1,64963.67160967628,84,12.85253901348883,1,Applying for student financing for the first time.,0.8793984055519104,0,0,1,0,0,0,0,0,0,1,0,0,0,1,0,0,0,1,0,0,0,1,0,0,0,0,0,0,0,1,0
54,1.0,21,7439.506360404838,1,766,0,706.7254524470939,17,0,1,6030.217393538657,60,4.036611784974389,1,Need funds for the next month.,0.9945857524871826,1,0,0,0,0,0,1,0,0,0,0,0,0,0,0,0,0,0,1,0,0,0,1,0,0,0,0,0,0,0,0
49,1.0,9,8053.240744104696,2,642,0,3907.3176940828766,8,1,1,16331.54431314649,48,13.354487184792228,1,Medical: unknown,0.0,0,0,0,0,0,0,0,0,0,0,1,0,0,1,0,0,0,0,1,0,0,0,0,0,1,0,0,0,0,0,1
22,1.0,1,1799.143718296879,1,538,2,672.7423322410101,2,0,1,24593.99606210268,60,16.02936815719484,1,Applying for financing to cover the costs of the project.,0.9215720891952515,0,1,0,0,0,0,1,0,0,0,0,0,0,1,0,0,0,0,1,0,0,0,0,0,0,0,1,0,0,0,0
62,2.0,0,1448.6167060676237,1,572,2,416.5754762715076,1,0,1,10912.955521118016,48,17.037187889207253,1,Applying for financing to cover the costs of the project.,0.9215720891952515,0,0,0,1,0,0,0,0,1,0,0,0,0,0,0,0,1,0,0,0,0,0,1,0,0,0,0,0,0,0,0
30,3.0,3,10156.446934116484,0,774,1,2053.0821705933317,8,1,1,140704.10412186087,240,3.505434459453969,1,Seeking financing to start my own business.,0.9802054166793823,1,0,0,0,0,0,0,0,0,0,0,1,0,0,1,0,0,0,1,0,0,0,0,0,0,0,0,0,0,0,0
26,3.0,0,7211.539391414249,1,717,1,1306.077495266549,5,1,0,192372.74707289936,180,6.276947954805441,0,I need a business loan to expand my business.,0.9976586103439331,1,0,0,0,0,0,0,0,0,0,0,0,0,0,1,0,0,0,0,0,0,0,0,0,0,0,0,0,0,0,0
20,1.0,0,3342.2419091492843,0,533,0,1561.841675941642,0,1,0,203125.0494951073,240,14.386539840410425,1,Home Purchase: unknown,0.0,0,0,0,0,1,0,0,0,0,0,0,0,0,0,1,0,0,0,0,0,0,0,0,1,0,0,0,0,0,0,1
32,2.0,0,9085.3603547464,2,693,1,1750.947881109951,7,1,0,38402.51269735508,72,9.448670125548754,0,I need a car loan to buy a vehicle for me.,0.9991427659988403,0,0,0,0,0,0,0,0,0,0,0,0,0,1,0,0,0,0,1,1,0,0,0,0,0,0,0,0,0,0,0
22,1.0,1,1368.393213524568,3,491,2,895.8986296539076,2,1,1,21390.956233498902,36,15.467934995697396,1,Applying for auto financing to purchase a car.,0.8946273326873779,0,1,0,0,0,0,0,0,0,0,1,0,0,1,0,0,0,0,1,1,0,0,0,0,0,0,0,0,0,0,0
23,3.0,4,4921.268676842277,0,693,1,872.1944075423213,3,1,0,8724.796399254868,60,8.361243805792993,1,Applying for financing to cover the costs of the project.,0.9215720891952515,1,0,0,0,0,0,0,0,1,0,0,0,0,0,1,0,0,0,0,0,0,0,0,0,0,1,0,0,0,0,0
23,1.0,3,1817.868741453425,0,553,2,471.544222027441,3,1,1,26057.11936487496,24,15.7660516520127,0,I need a personal loan for my children to keep my house clean.,0.9987025260925293,1,0,0,0,0,0,0,0,1,0,0,0,0,0,1,0,0,0,0,0,0,0,1,0,0,0,0,0,0,0,0
37,0.0,8,7918.714699026046,1,689,1,1863.508449537993,11,1,0,26533.776646378512,36,8.66190026657546,0,"Applying for debt consolidation to reduce the costs of debt consolidation,” the U.",0.8475276827812195,1,0,0,0,0,0,1,0,0,0,0,0,0,0,1,0,0,1,0,0,1,0,0,0,0,0,0,0,0,0,0
41,2.0,10,15825.627434763785,0,666,1,4719.087131306052,2,1,1,8709.00843223792,36,10.5756923742752,1,Applying for financing to cover the cost of the project.,0.9172947406768799,0,0,1,0,0,0,0,0,0,0,0,0,0,0,1,0,0,1,0,0,0,0,1,0,0,0,0,0,0,0,0
65,1.0,9,4975.221359048676,0,677,2,1061.038633846763,7,0,1,80305.33814082273,60,9.234082362113435,0,"Applying for student financing for the program,” the student loan option is a “federal loan option” and the student loan option is",0.9556519985198975,1,0,0,0,1,0,0,0,0,0,0,0,0,1,0,0,0,1,0,0,0,1,0,0,0,0,0,0,0,0,0
56,3.0,31,18057.27258735301,0,692,0,7147.545458567268,0,1,1,24667.708517682728,60,10.117435010442252,0,Applying for financing to cover the costs of the project.,0.9215720891952515,0,0,1,0,0,0,0,0,0,0,0,1,0,0,0,0,1,0,0,0,0,0,0,0,0,1,0,0,0,0,0
37,1.0,11,11343.609549392952,0,638,1,3614.726064274946,0,1,0,13593.600399166224,24,12.690045477189624,1,Applying for debt consolidation to reduce the number of debt-related loans and to reduce the number of loans that are issued by lenders to borrowers.,0.9866188168525696,1,0,0,0,0,1,0,0,0,0,0,0,0,1,0,0,0,0,1,0,1,0,0,0,0,0,0,0,0,0,0
26,4.0,7,10469.778544968412,2,738,1,2932.0366766540164,2,0,1,16190.073508005424,48,5.998102940248586,0,Vacation: unknown,0.0,1,0,0,0,0,1,0,0,0,0,0,0,0,1,0,0,0,0,1,0,0,0,0,0,0,0,1,0,0,0,1
61,4.0,12,9862.109860036997,1,687,3,2034.299932145061,12,1,1,18029.71953870341,60,9.605958715510276,1,Need to refinance existing loans because they are too expensive.,0.9994365572929382,1,0,0,0,1,0,0,0,0,0,0,0,0,1,0,0,0,1,0,0,1,0,0,0,0,0,0,0,0,0,0
23,2.0,0,870.2123953856744,0,530,2,348.8031440166727,2,0,1,8726.406303607364,60,16.326136690645253,1,Debt Consolidation: unknown,0.0,0,0,0,1,0,0,0,0,0,0,0,1,0,0,1,0,0,0,0,0,1,0,0,0,0,0,0,0,0,0,1
46,2.0,27,12725.22924332348,2,836,3,2446.169627477391,8,0,1,82855.09415257438,120,3.740441377728552,0,Need funding for my education in the U.,0.9809291362762451,1,0,0,0,0,0,0,1,0,0,0,0,0,1,0,0,1,0,0,0,0,1,0,0,0,0,0,0,0,0,0
69,2.0,5,4464.044237312172,0,615,1,2268.433728691149,21,1,1,43267.10523716032,48,11.236094424224742,1,I want to consolidate my debts to the point where I can't even afford to pay back my debts.,0.9994093179702759,0,1,0,0,0,0,0,0,1,0,0,0,0,0,0,0,0,0,1,0,1,0,0,0,0,0,0,0,0,0,0
29,3.0,4,10463.906735741515,1,776,1,1336.3624834090167,11,1,1,103521.38395894288,240,4.43312947907335,0,"Applying for business credit to the IRS is a non-starter, and the IRS is not required to provide credit for the IRS.",0.9991391897201538,1,0,0,0,0,0,0,1,0,0,0,0,0,1,0,0,0,1,0,0,0,0,0,0,0,0,0,0,0,0,0
27,1.0,0,118.53876822259193,0,608,2,63.35606283209236,1,1,1,25661.082452096667,72,11.119570608985708,1,Applying for auto financing to purchase a new car.,0.9528282284736633,0,0,0,1,0,0,0,0,0,0,0,0,0,0,1,0,0,0,1,1,0,0,0,0,0,0,0,0,0,0,0
47,2.0,21,7069.973703872803,2,817,2,1326.1654787809,21,0,1,6695.926477629298,24,5.270430221613204,0,Need funds for the upcoming season.,0.9933356046676636,0,1,0,0,0,0,0,0,0,1,0,0,0,1,0,0,1,0,0,0,0,0,0,0,1,0,0,0,0,0,0
60,2.0,12,5404.753845511476,0,662,1,936.4399646377271,4,1,1,125545.02710878984,180,7.624106582340171,1,Applying for business credit to pay for the loan.,0.9502720236778259,1,0,0,0,0,0,0,0,0,1,0,0,0,0,1,0,0,0,0,0,0,0,0,0,0,0,0,0,0,0,0
57,2.0,32,8785.284163223198,4,663,2,3169.902038857646,5,1,1,18413.00139743141,72,9.25380758091769,0,"Looking to finance a car because it’s a very good car,’s a very good car.",0.999738872051239,1,0,0,0,0,0,1,0,0,0,0,0,0,1,0,0,0,0,1,1,0,0,0,0,0,0,0,0,0,1,0
47,1.0,6,5628.584780687593,1,792,1,1131.965966921297,21,1,1,10719.954137290562,48,4.22437863228442,0,Applying for financing to cover the cost of the project.,0.9172947406768799,1,0,0,0,1,0,0,0,0,0,0,0,0,1,0,0,1,0,0,0,0,0,0,0,0,0,1,0,0,0,0
37,2.0,18,12540.43161754921,0,739,1,2604.239492652257,2,1,1,9413.200800137707,24,6.059314786432764,0,I need a personal loan for my child.,0.9975417852401733,1,0,0,0,0,0,0,0,0,0,1,0,0,1,0,0,0,1,0,0,0,0,0,0,0,1,0,0,0,0,0
55,2.0,34,5379.727635346517,2,683,2,1974.5252179544225,26,1,1,22873.101005056196,24,9.150363610358797,0,I need a personal loan for my children.,0.997666597366333,1,0,0,0,0,0,0,1,0,0,0,0,0,1,0,0,0,1,0,0,0,0,0,0,0,0,1,0,0,0,0
33,1.0,6,7897.806918592312,0,649,2,2774.604077578123,10,1,1,41435.3416139633,60,13.063137170862898,1,Need to refinance existing loans because the new loans are not available to borrowers.,0.9968580007553101,0,0,0,0,0,0,0,0,0,0,1,0,0,0,1,0,0,0,1,0,1,0,0,0,0,0,0,0,0,0,0
50,2.0,12,7326.02484604207,1,676,0,1637.2733312866908,7,1,0,66489.82399053453,180,10.806330062598834,0,Applying for business credit to a company or business is an option that will be accepted by the consumer.,0.9733567833900452,1,0,0,0,0,0,1,0,0,0,0,0,0,1,0,0,0,1,0,0,0,0,0,0,0,0,0,0,0,1,0
51,1.0,0,3729.7730895199975,3,590,2,1485.1813951300724,28,0,1,14016.741607732569,24,18.045776596579607,1,Need funds for the new project.,0.9908550977706909,0,0,0,1,0,0,0,1,0,0,0,0,0,1,0,0,0,1,0,0,0,0,0,0,0,1,0,0,0,0,0
24,2.0,4,2339.5409116038363,1,621,2,1235.4466767755266,5,1,0,48292.63245236082,12,11.811299221137308,1,Need to refinance existing loans because it's not a good idea.,0.9997652173042297,1,0,0,0,0,0,0,0,0,0,0,0,1,0,1,0,0,0,1,0,1,0,0,0,0,0,0,0,0,0,0
44,0.0,3,8959.252285019247,0,729,2,3375.845861324401,23,1,1,28574.595420401063,24,6.631940984218971,0,Home Improvement: unknown,0.0,1,0,0,0,0,0,0,0,0,0,0,0,0,1,0,0,0,0,1,0,0,0,1,0,0,0,0,0,0,0,1
24,2.0,1,1655.562580626106,2,525,4,1131.3798072661118,1,0,1,23863.42289756151,60,17.145549795320083,1,Applying for financing to cover the costs of the project.,0.9215720891952515,0,1,0,0,0,0,0,0,0,0,0,0,1,0,1,0,0,0,0,0,0,0,0,0,0,1,0,0,0,0,0
22,1.0,0,2813.557716711014,2,457,2,1496.0512453418685,2,1,1,49762.91235481922,60,15.09714858909651,1,Applying for auto financing to purchase a home in a single location.,0.9833046197891235,0,0,0,1,0,0,0,0,0,0,0,0,0,1,0,0,0,0,1,1,0,0,0,0,0,0,0,0,0,0,0
21,0.0,2,2625.546419255359,0,566,4,1185.7123288924224,2,1,0,20885.6980175743,48,18.776740666565267,1,I need a personal loan for my family.,0.9983909130096436,0,0,0,0,0,0,0,0,0,0,0,0,0,1,0,0,0,0,1,0,0,0,0,0,1,0,0,0,0,0,0
32,3.0,3,5145.746184985398,0,563,2,2378.7035408149864,1,0,1,23350.106363592105,60,15.083703855424126,1,Need funds for the project.,0.9833061099052429,0,1,0,0,0,0,0,0,1,0,0,0,0,1,0,0,0,0,1,0,0,0,0,0,1,0,0,0,0,0,0
64,3.0,8,6564.075209972483,0,807,2,626.448500192741,3,1,1,25926.0281310735,60,5.107204775146769,0,I need a personal loan for my daughter.,0.998080849647522,1,0,0,0,0,1,0,0,0,0,0,0,0,0,1,0,0,1,0,0,0,0,0,0,0,0,1,0,0,0,0
34,3.0,8,13516.938484278338,1,747,1,3721.468785659989,8,1,0,167585.05343804375,120,7.153479885749116,0,I am applying for a home loan to purchase a home in the UK.,0.9910845756530762,0,0,1,0,1,0,0,0,0,0,0,0,0,1,0,0,1,0,0,0,0,0,0,1,0,0,0,0,0,0,0
36,1.0,4,7106.196903869883,0,684,1,1430.6881785388289,10,1,1,237150.0274602813,120,9.181288373650265,1,Looking to buy a house for my family because I was scared.,0.9989801049232483,0,0,1,0,0,0,0,0,0,0,0,0,1,0,1,0,0,1,0,0,0,0,0,1,0,0,0,0,0,0,0
27,2.0,0,4863.068428548337,2,663,0,1740.610173086411,4,1,0,11826.77024932031,36,8.545539507560706,0,Need funds for the new project.,0.9908550977706909,0,0,1,0,0,0,0,0,0,0,0,0,0,0,1,0,0,1,0,0,0,0,0,0,1,0,0,0,0,0,0
52,2.0,28,8555.236328661109,4,793,2,1594.035021014655,25,1,0,26921.8599312484,48,4.740093635733516,0,Applying for auto financing to purchase a home.,0.9147040247917175,0,0,1,0,0,0,0,0,0,1,0,0,0,1,0,0,0,1,0,1,0,0,0,0,0,0,0,0,0,0,0
56,1.0,16,5033.680600116991,0,615,0,2283.025788301641,18,1,1,12938.74250643971,24,13.788645851600991,0,"Applying for financing to cover the costs of the program, which is funded by the State of New York.",0.9502323865890503,1,0,0,0,0,0,0,0,0,0,1,0,0,0,0,0,0,0,1,0,0,0,0,0,0,1,0,0,0,0,0
63,3.0,27,9869.041837756433,0,754,2,2421.9253904153525,6,1,1,18619.30567456972,12,5.734088133365335,0,I need a personal loan for my family.,0.9983909130096436,1,0,0,0,0,0,0,0,0,0,0,1,0,0,1,0,1,0,0,0,0,0,0,0,0,0,1,0,0,0,0
47,2.0,27,9082.018667441636,0,695,1,3433.120845889532,6,1,1,182563.24278924303,180,10.561545767874335,1,I need a business loan to expand my business.,0.9976586103439331,1,0,0,0,0,0,0,0,0,0,0,0,0,0,0,0,1,0,0,0,0,0,0,0,0,0,0,0,0,0,0
24,2.0,2,1913.8829494367344,1,639,3,699.7556745165984,6,0,1,13939.988142161495,48,13.217173855108456,1,"I need a personal loan for my daughter and I want to start a business, but I can't afford it.",0.9989287257194519,1,0,0,0,0,0,0,0,1,0,0,0,0,1,0,0,0,0,0,0,0,0,0,0,0,0,1,0,0,0,0
20,1.0,0,1734.0062154253162,0,536,1,699.6907484149082,0,1,0,44567.66261013466,48,19.525975008495465,1,Applying for auto financing to purchase a home.,0.9147040247917175,0,1,0,0,1,0,0,0,0,0,0,0,0,0,1,0,0,0,1,1,0,0,0,0,0,0,0,0,0,0,0
64,1.0,33,5142.340642318493,0,662,3,943.317506529684,14,0,1,14361.650074911277,48,10.551216031850828,1,Applying for debt consolidation to reduce the deficit.,0.969321608543396,0,0,1,0,0,1,0,0,0,0,0,0,0,1,0,0,0,1,0,0,1,0,0,0,0,0,0,0,0,0,0
69,3.0,0,7539.449300289917,0,785,2,911.9677004634196,9,0,0,14999.575457339211,48,4.958268120460511,1,I need a personal loan for the next two months.,0.9983761310577393,1,0,0,0,0,0,0,0,0,0,1,0,0,0,1,0,1,0,0,0,0,0,0,0,1,0,0,0,0,0,0
46,2.0,12,5596.806791656249,1,639,2,2912.6618090649795,0,1,0,8845.175616040195,36,13.819387972153873,0,"Need funds for a new, new version of the game.",0.9986644983291626,0,1,0,0,0,0,0,1,0,0,0,0,0,0,0,0,1,0,0,0,0,0,0,0,0,1,0,0,0,0,0
24,3.0,2,4520.847100288192,0,625,1,1441.920377530354,3,1,1,16967.16993701478,48,13.49263743675762,1,Need funds for the project.,0.9833061099052429,1,0,0,0,0,0,0,0,0,0,0,0,1,0,1,0,0,0,1,0,0,0,0,0,1,0,0,0,0,0,0
25,3.0,6,12509.39604675735,0,632,2,4883.927364683703,1,0,1,16657.48532349547,48,10.617968816019705,0,Wedding: unknown,0.0,1,0,0,0,0,1,0,0,0,0,0,0,0,0,1,0,0,0,1,0,0,0,0,0,0,0,0,1,0,0,1
38,3.0,13,13914.425717256689,0,769,1,1596.069264223392,14,1,1,141384.79807616043,240,4.356827313569768,0,I need a business loan to expand my business.,0.9976586103439331,1,0,0,0,0,0,0,0,0,0,0,0,0,1,0,0,0,1,0,0,0,0,0,0,0,0,0,0,0,0,0
29,3.0,6,5573.076706762571,0,668,1,979.6408138445792,5,0,1,27563.822666989166,24,10.392601131377097,0,Applying for financing to cover the costs of the project.,0.9215720891952515,0,1,0,0,0,0,0,0,0,0,1,0,0,0,1,0,0,0,0,0,0,0,0,0,0,0,0,1,0,0,0
21,1.0,1,904.5837620854828,0,587,3,475.6968849247835,2,1,1,17191.720730776993,12,14.604680138683577,1,Applying for financing to cover the costs of the new construction.,0.951845645904541,0,1,0,0,0,0,1,0,0,0,0,0,0,0,1,0,0,1,0,0,0,0,0,0,1,0,0,0,0,0,0
26,3.0,6,4432.743524239573,1,605,4,2090.389810926663,7,1,1,12890.68359408375,24,11.580523630446011,0,I need a personal loan for me.,0.9985173344612122,0,1,0,0,1,0,0,0,0,0,0,0,0,0,0,0,0,1,0,0,0,0,0,0,0,0,0,1,0,0,0
27,2.0,6,8998.905477120108,0,675,1,3134.785051801371,5,1,1,21482.995629159337,60,8.985845988187267,0,Looking to finance a car because it’s the best car for your family.,0.9997740387916565,1,0,0,0,0,1,0,0,0,0,0,0,0,0,1,0,0,0,1,1,0,0,0,0,0,0,0,0,0,1,0
18,3.0,0,4843.198758567567,0,542,0,1793.5923700680592,0,1,0,20036.099108914877,120,14.8731487370958,1,Applying for student financing for a new school is a big deal.,0.9840862154960632,1,0,0,0,0,0,0,0,0,0,0,1,0,0,1,0,0,0,1,0,0,1,0,0,0,0,0,0,0,1,0
24,3.0,1,2285.9610031913016,0,531,2,1531.574903603209,5,1,1,6321.483476062146,48,15.73361382390786,1,Applying for debt consolidation to reduce the deficit.,0.969321608543396,0,1,0,0,0,0,0,0,0,0,0,1,0,0,1,0,0,0,0,0,1,0,0,0,0,0,0,0,0,0,0
23,1.0,0,3148.8896149807656,0,458,2,2124.597700683102,1,1,0,29872.69556616088,36,15.77369413231861,1,Personal: unknown,0.0,0,0,0,1,0,0,0,0,0,0,0,0,1,1,0,0,0,0,1,0,0,0,0,0,0,1,0,0,0,0,1
68,2.0,28,8355.118506030369,1,743,2,2835.4814232613235,5,1,1,47728.0006543661,84,6.911624458137926,1,Need funding for my education in the United States.,0.9906061291694641,1,0,0,0,0,0,0,0,0,0,0,1,0,1,0,0,1,0,0,0,0,1,0,0,0,0,0,0,0,0,0
66,3.0,30,7677.177003036711,0,752,1,455.7969290911344,17,1,1,11904.238945522487,24,3.656724054054665,0,I need a personal loan for my children.,0.997666597366333,1,0,0,0,0,0,0,0,0,0,1,0,0,0,0,0,0,1,0,0,0,0,0,0,0,0,0,1,0,0,0
46,1.0,12,12854.494298476924,3,742,2,4998.260214972034,27,1,1,162708.09259467665,180,7.564404118259627,0,Seeking financing to start my own brand of food.,0.975970983505249,0,0,1,0,0,0,0,1,0,0,0,0,0,1,0,0,0,0,1,0,0,0,0,0,0,0,0,0,0,0,0
23,1.0,0,1533.7915775698673,0,496,2,1066.4675236160422,5,1,1,28775.410871105432,120,17.25959613688684,1,"I need a business loan to expand my business,” he said.",0.9948301911354065,1,0,0,0,1,0,0,0,0,0,0,0,0,0,1,0,0,0,1,0,0,0,0,0,0,0,0,0,0,0,0
63,2.0,39,6326.956539501587,1,765,3,1457.44484438773,11,0,1,10086.818562439896,36,5.693376132832096,0,"I need a personal loan for a month, I would like to have a loan in my life, but I have to pay for it.",0.9951905012130737,1,0,0,0,0,0,0,0,1,0,0,0,0,1,0,0,0,1,0,0,0,0,0,0,0,0,1,0,0,0,0
39,1.0,14,4691.472546975325,2,749,1,1451.9647690184167,1,1,0,11422.096191142871,48,5.675363842325662,0,Applying for financing to cover the cost of the new $25 million bond.,0.9505182504653931,1,0,0,0,0,0,1,0,0,0,0,0,0,0,1,0,0,1,0,0,0,0,0,0,0,0,1,0,0,0,0
51,3.0,22,5933.059130758778,1,735,1,1376.6961646247685,25,1,1,20426.456585471045,48,8.01680050620809,0,Applying for auto financing to purchase a vehicle.,0.8926658034324646,1,0,0,0,0,1,0,0,0,0,0,0,0,1,0,0,1,0,0,1,0,0,0,0,0,0,0,0,0,0,0
37,3.0,3,14375.17793166124,3,679,2,3582.984932051026,3,1,1,8907.924267721522,60,8.761660767995439,0,Applying for financing to cover the costs of the cost of the project.,0.9592718482017517,1,0,0,0,0,0,0,0,1,0,0,0,0,1,0,0,0,1,0,0,0,0,0,0,0,0,1,0,0,0,0
44,1.0,4,10220.56203996762,0,678,0,1749.8565860293274,19,1,0,49398.78103255289,24,8.797247514734119,0,Applying for debt consolidation to reduce the debt load.,0.97324138879776,1,0,0,0,0,0,0,0,0,0,0,0,1,1,0,0,0,0,1,0,1,0,0,0,0,0,0,0,0,0,0
26,3.0,1,8825.688724615371,0,760,1,1994.2913053573675,0,0,1,333902.21939099254,360,3.782358021027934,0,I am applying for a home loan to purchase a house.,0.9925715327262878,1,0,0,0,0,1,0,0,0,0,0,0,0,0,1,0,0,1,0,0,0,0,0,1,0,0,0,0,0,0,0
63,0.0,5,4589.056357738186,0,721,2,1531.327884990041,21,0,1,44554.376510439775,24,7.653962683663356,1,Need to refinance existing loans because they are not available to borrowers.,0.9985839128494263,0,0,0,0,0,0,0,0,0,0,1,0,0,0,1,0,1,0,0,0,1,0,0,0,0,0,0,0,0,0,0
45,1.0,4,6259.570180269388,0,682,2,1352.073966157327,27,1,0,97667.17015845708,120,10.385144121577442,0,I need a business loan to expand my business.,0.9976586103439331,1,0,0,0,1,0,0,0,0,0,0,0,0,0,0,0,0,1,0,0,0,0,0,0,0,0,0,0,0,0,0
31,2.0,3,7315.863583756709,0,672,3,2567.7922296272254,6,1,1,29862.54353335501,48,8.00006586468794,0,"I want to consolidate my debts to pay for the debt, but I want to make sure that the debt is repaid.",0.5630342364311218,1,0,0,0,0,0,0,0,0,0,0,0,1,0,1,0,0,0,1,0,1,0,0,0,0,0,0,0,1,0,0
29,4.0,5,11469.012431092237,2,661,0,3171.480006391413,5,0,0,28300.358556423354,24,9.578590841452646,0,I need a personal loan for my car and I can't afford it.,0.9989676475524902,0,0,1,0,0,0,0,1,0,0,0,0,0,1,0,0,0,1,0,0,0,0,1,0,0,0,0,0,0,0,0
34,4.0,0,7380.892402018307,2,710,2,1550.6929968855038,14,0,1,19035.45860019262,12,5.592370148981344,0,Debt Consolidation: unknown,0.0,0,1,0,0,1,0,0,0,0,0,0,0,0,1,0,0,0,0,1,0,1,0,0,0,0,0,0,0,0,0,1
28,3.0,7,7792.475626577234,2,632,2,3364.6974068930244,8,1,1,47420.53074796722,60,13.659838702175122,0,Looking to finance a car because it's a luxury car.,0.9670612215995789,0,0,0,0,0,0,0,1,0,0,0,0,0,1,0,0,0,0,1,1,0,0,0,0,0,0,0,0,0,0,0
22,2.0,2,902.3476577872092,0,556,2,419.836772260286,1,1,0,44035.56449028376,60,19.10118409101761,0,Applying for auto financing to purchase the car.,0.9148255586624146,0,1,0,0,0,1,0,0,0,0,0,0,0,0,1,0,0,0,1,1,0,0,0,0,0,0,0,0,0,0,0
66,3.0,4,10481.540989933072,0,795,2,1288.3778708516604,3,1,1,10447.313856374753,24,4.635004052990287,0,Need funds for a new game.,0.9983019828796387,1,0,0,0,0,0,0,0,0,1,0,0,0,0,1,0,0,1,0,0,0,0,0,0,0,0,0,1,0,0,0
36,1.0,15,8493.50782795162,2,746,1,1468.7486473416272,15,1,1,360854.3240653917,120,6.138183685072687,0,Need mortgage financing for a mortgage.,0.9898561239242554,1,0,0,0,0,0,0,0,0,0,0,0,0,1,0,0,0,1,0,0,0,0,0,1,0,0,0,0,0,0,0
61,1.0,3,4178.165141653561,0,635,2,1109.3217151675908,19,1,0,18283.8657892037,12,12.549719605992829,0,Applying for financing to cover the cost of the loan.,0.9369967579841614,0,1,0,0,0,0,0,1,0,0,0,0,0,0,0,0,1,0,0,0,0,0,0,0,0,0,0,1,0,0,0
31,1.0,5,7632.866026354904,2,717,2,1321.8498363466435,2,1,0,336278.00619966787,240,5.804139527409591,1,Need mortgage financing for the future of the country.,0.9813118577003479,0,0,0,0,1,0,0,0,0,0,0,0,0,1,0,0,0,1,0,0,0,0,0,1,0,0,0,0,0,0,0
63,1.0,5,4320.585547830332,0,685,0,865.267629704375,12,1,1,114985.18200163436,240,9.027468595553575,0,I need a business loan to expand my business.,0.9976586103439331,0,1,0,0,0,0,0,0,0,0,0,0,0,1,0,0,1,0,0,0,0,0,0,0,0,0,0,0,0,0,0
19,3.0,0,1731.6088429450176,0,484,1,1106.2385480722733,1,1,1,11992.58846178698,60,19.11335663206693,1,I need a personal loan for me.,0.9985173344612122,0,0,0,1,0,1,0,0,0,0,0,0,0,0,1,0,0,0,1,0,0,0,0,0,0,0,0,1,0,0,0
22,2.0,1,3645.826079452312,0,668,3,1131.1960208214225,0,1,1,12791.322916366222,48,7.73119357737756,1,Applying for financing to cover the cost of the loan.,0.9369967579841614,0,0,0,0,0,0,0,0,0,0,0,0,0,0,1,0,0,0,1,0,0,0,0,0,0,0,1,0,0,0,0
30,1.0,2,8090.161419863855,0,738,1,2867.626918865517,0,1,0,19207.316937971296,36,5.517275981494365,0,I need a car loan to buy a vehicle for the next four years.,0.9990272521972656,1,0,0,0,0,1,0,0,0,0,0,0,0,0,1,0,0,1,0,1,0,0,0,0,0,0,0,0,0,0,0
38,3.0,7,16105.477902399947,0,780,1,3059.0419688954494,7,0,1,29379.998214417377,72,5.856647942416576,0,Applying for auto financing to purchase a car.,0.8946273326873779,1,0,0,0,0,0,0,0,0,0,0,1,0,0,1,0,0,1,0,1,0,0,0,0,0,0,0,0,0,0,0
19,3.0,0,3463.525397536143,0,630,2,1335.7618464320392,1,0,1,30214.434064598376,84,10.5634280815192,0,"Need funding for my education in the UK has been limited to £1,000.",0.9937792420387268,1,0,0,0,0,0,0,0,0,1,0,0,0,0,1,0,0,0,0,0,0,1,0,0,0,0,0,0,0,0,0
30,4.0,1,9549.026295376743,3,744,1,3101.6257607340585,1,1,1,33742.55339676527,12,7.805231629342103,1,Applying for debt consolidation to reduce the deficit.,0.969321608543396,1,0,0,0,0,1,0,0,0,0,0,0,0,1,0,0,0,0,1,0,1,0,0,0,0,0,0,0,0,0,0
24,1.0,0,1595.8358216533609,0,539,4,739.7379302031177,0,1,1,13687.684353749206,36,13.903303540128451,1,Need funds for the two.,0.9884681105613708,0,0,0,1,0,1,0,0,0,0,0,0,0,0,1,0,0,0,0,0,0,0,0,0,0,0,0,1,0,0,0
23,1.0,0,1826.820545841175,0,523,3,903.0349990941372,2,1,1,43899.85066514734,24,14.924686996389692,1,Need to refinance existing loans because it’s not a good idea to purchase a new car.,0.9997099041938782,0,1,0,0,0,0,0,0,1,0,0,0,0,0,1,0,0,1,0,0,1,0,0,0,0,0,0,0,0,0,0
22,2.0,3,1620.0296640229817,0,550,1,730.6790907048435,3,1,0,16149.027899404578,12,19.833269798097785,1,"I need a personal loan for me, and I will be happy to help you get to know you and your family.",0.9997567534446716,1,0,0,0,0,0,1,0,0,0,0,0,0,1,0,0,0,0,1,0,0,0,0,0,0,0,1,0,0,1,0
53,4.0,32,5143.231199839698,3,795,1,654.7749989307943,18,1,1,328946.4117702629,360,4.943197573082828,0,Looking to buy a house for my family because it’s a great place to live and have a family.,0.999495267868042,0,1,0,0,0,0,0,0,0,0,0,0,0,1,0,0,1,0,0,0,0,0,0,1,0,0,0,0,0,1,0
56,3.0,9,6395.247720627413,0,621,2,2964.9549845957254,0,1,1,47419.88415189477,36,13.682796097142962,1,I need a car loan to buy a vehicle for the next two years.,0.9990818500518799,1,0,0,0,1,0,0,0,0,0,0,0,0,1,0,0,0,1,0,1,0,0,0,0,0,0,0,0,0,0,0
21,3.0,0,1465.610395860194,0,595,3,553.3682537221237,0,1,1,5939.277259972685,12,18.358827253611025,0,Need funds for the new season.,0.9953953623771667,0,1,0,0,0,0,0,0,0,0,0,0,0,0,1,0,0,0,0,0,0,0,0,0,0,0,0,1,0,0,0
34,4.0,14,10353.88282402421,3,744,0,3588.152723377761,2,1,1,153527.6881132285,360,5.575580241877688,0,Applying for business credit to the federal government.,0.9441042542457581,1,0,0,0,1,0,0,0,0,0,0,0,0,1,0,0,0,1,0,0,0,0,0,0,0,0,0,0,0,0,0
39,1.0,13,6412.543918250975,2,699,2,2160.179142337389,14,0,0,162839.12101170927,360,9.996723550595934,0,"Looking to buy a house for my family because I’m not a millionaire, I’m a very wealthy person.",0.9991058707237244,0,0,0,0,0,0,1,0,0,0,0,0,0,1,0,0,0,1,0,0,0,0,0,1,0,0,0,0,0,1,0
19,3.0,0,3106.3656707541204,0,524,1,1620.470165745351,1,1,0,25898.02715467893,60,13.49984391454053,1,Applying for financing to cover the costs of the project.,0.9215720891952515,0,1,0,0,0,0,0,0,0,0,0,1,0,0,1,0,0,1,0,0,0,0,0,0,0,0,0,1,0,0,0
19,3.0,0,1998.4591435927696,3,607,2,803.6161821097659,1,0,1,9698.009520383075,48,12.7846245805517,0,Applying for financing to cover the costs of the project.,0.9215720891952515,0,1,0,0,0,0,0,0,1,0,0,0,0,1,0,0,0,0,1,0,0,0,0,0,0,1,0,0,0,0,0
39,4.0,19,12146.64982244292,2,692,2,3893.466368056815,20,1,1,47745.48507107342,48,10.068590957808894,0,Need to refinance existing loans because the government has not been able to collect the required interest.,0.9987447261810303,0,0,1,0,0,1,0,0,0,0,0,0,0,1,0,0,1,0,0,0,1,0,0,0,0,0,0,0,0,0,0
46,3.0,15,17540.306265960906,2,760,1,3117.0034494562424,0,1,0,22891.747908325746,48,5.95994411989957,0,Need to refinance existing loans because it’s not a good idea.,0.999745786190033,1,0,0,0,0,0,0,0,0,0,0,0,1,1,0,0,0,1,0,0,1,0,0,0,0,0,0,0,0,0,0
35,1.0,0,2614.7722759255907,1,511,3,1257.54020388176,1,0,1,140734.37896800195,120,19.022452343659896,1,Business: unknown,0.0,0,0,0,1,0,0,0,0,1,0,0,0,0,0,0,0,0,0,0,0,0,0,0,0,0,0,0,0,0,0,1
65,2.0,37,5002.15308401291,1,647,4,1606.614160160144,3,0,0,350471.78080894775,240,10.293777880636892,1,I am applying for a home loan to purchase a home in the United States.,0.9921103119850159,0,1,0,0,0,0,0,1,0,0,0,0,0,1,0,0,1,0,0,0,0,0,0,1,0,0,0,0,0,0,0
54,3.0,0,4251.103389113081,3,571,3,1890.2057197046213,2,0,0,25040.73488657189,24,14.098241374817414,1,Need funds for the project.,0.9833061099052429,0,0,0,1,0,0,0,0,0,0,0,0,0,1,0,0,0,1,0,0,0,0,0,0,0,0,0,1,0,0,0
50,1.0,10,7118.017768032055,1,733,2,1555.2177082102887,17,0,1,62553.09594896547,120,5.616889396930701,0,Applying for business credit to the U.,0.6109262108802795,1,0,0,0,0,0,0,1,0,0,0,0,0,1,0,0,1,0,0,0,0,0,0,0,0,0,0,0,0,0,0
20,2.0,0,1554.000440066977,2,495,1,908.2536128171632,2,1,1,166860.0019426813,240,13.29071020426969,1,Home Purchase: unknown,0.0,0,0,0,1,0,0,1,0,0,0,0,0,0,0,0,1,0,0,0,0,0,0,0,1,0,0,0,0,0,0,1
18,0.0,0,3789.055797753648,0,439,4,1887.5900987498203,0,0,1,8134.272315566048,60,14.453051115980612,1,Vacation: unknown,0.0,0,0,0,1,0,0,0,0,0,1,0,0,0,0,1,0,0,0,1,0,0,0,0,0,0,0,1,0,0,0,1
30,4.0,4,13150.709416927268,2,772,2,2785.8020205897888,6,1,1,27110.606887549427,60,3.761010324370204,0,I need a personal loan for this.,0.9981630444526672,1,0,0,0,0,0,0,0,0,0,1,0,0,1,0,0,0,1,0,0,0,0,1,0,0,0,0,0,0,0,0
23,1.0,1,1464.8484273426388,0,569,2,793.6645795936263,1,1,1,17862.865189853423,24,15.419598548793015,1,Applying for debt consolidation to reduce the debt burden is a highly controversial topic.,0.9547122716903687,0,1,0,0,0,0,0,0,0,0,0,0,1,0,1,0,1,0,0,0,1,0,0,0,0,0,0,0,0,0,0
21,0.0,0,3454.756831339779,0,594,0,1162.055312059572,1,1,1,126690.00114430732,180,17.513992304008088,1,Looking to buy a house for my family because it was the right place to live.,0.9987686276435852,0,0,0,1,0,0,1,0,0,0,0,0,0,0,1,0,0,0,0,0,0,0,0,1,0,0,0,0,0,1,0
62,3.0,18,12615.846927129618,0,685,2,3602.7707196841698,12,1,0,31822.23189727518,84,7.995932210410811,1,"Need funding for my education in the UK is £50,000, and I am working hard to get back on track to make sure I am able to",0.9739515781402588,1,0,0,0,0,0,0,0,0,0,0,0,0,0,0,0,0,0,1,0,0,1,0,0,0,0,0,0,0,0,0
25,3.0,3,10639.843319075622,4,702,0,2680.024749215298,6,0,0,22982.71579360721,72,7.345978046854512,1,I need a car loan to buy a vehicle for a long time.,0.9990003705024719,0,0,0,0,0,0,0,0,0,0,1,0,0,1,0,0,0,0,1,1,0,0,0,0,0,0,0,0,0,0,0
38,3.0,11,13724.533662644284,3,708,1,3057.926083944387,15,1,0,20296.32236805949,36,6.376433945605655,0,Applying for financing to cover the costs of the project.,0.9215720891952515,1,0,0,0,0,1,0,0,0,0,0,0,0,1,0,0,0,0,1,0,0,0,1,0,0,0,0,0,0,0,0
53,3.0,0,11426.702395940843,2,657,1,3719.297008949055,27,1,1,24894.816735902525,60,8.682983048980375,0,I need a personal loan for a month.,0.9975497126579285,1,0,0,0,0,0,0,0,0,1,0,0,0,1,0,0,0,0,1,0,0,0,0,0,1,0,0,0,0,0,0
66,2.0,36,5421.223353846893,3,687,3,1185.6297274999426,17,0,1,84035.28866623105,120,9.836424647520149,0,I need an education loan to pursue a career in finance.,0.9976776242256165,1,0,0,0,0,0,1,0,0,0,0,0,0,1,0,0,0,1,0,0,0,1,0,0,0,0,0,0,0,0,0
57,3.0,0,5.643112634913794,2,536,1,3.526189738322049,7,1,1,8051.344177032899,12,14.480643624209591,1,Need funds for the next few months.,0.9962524771690369,0,0,0,1,0,0,0,0,0,0,1,0,0,1,0,0,0,0,1,0,0,0,0,0,0,0,0,1,0,0,0
53,0.0,8,1731.1055338938982,3,616,1,598.9682217912102,2,1,0,84411.43513548998,240,10.232535164107317,1,I need a business loan to expand my business.,0.9976586103439331,0,1,0,0,0,0,0,1,0,0,0,0,0,1,0,0,0,0,1,0,0,0,0,0,0,0,0,0,0,0,0
69,1.0,6,4929.944501576871,3,694,2,1942.628577699896,8,1,1,22086.34443518772,12,10.300257012269038,0,I need a personal loan for my family.,0.9983909130096436,1,0,0,0,0,1,0,0,0,0,0,0,0,1,0,0,1,0,0,0,0,0,1,0,0,0,0,0,0,0,0
43,0.0,18,3790.054495780543,0,666,1,1059.5915713253146,12,1,1,154090.3112378165,180,10.625647540957106,1,Need mortgage financing for a family of four.,0.9890767335891724,1,0,0,0,1,0,0,0,0,0,0,0,0,1,0,0,0,1,0,0,0,0,0,1,0,0,0,0,0,0,0
21,1.0,0,1584.8664862928515,0,592,4,667.7485456812515,0,1,0,5224.9664320813945,60,15.847758531789257,1,Wedding: unknown,0.0,0,1,0,0,0,0,1,0,0,0,0,0,0,0,1,0,0,1,0,0,0,0,0,0,0,0,0,1,0,0,1
44,0.0,3,8383.603465568354,0,628,1,4057.739800372237,5,1,0,6858.221515823427,60,11.277267401666943,1,Applying for financing to cover the costs of the loan.,0.9323015809059143,0,0,1,0,0,0,0,0,0,1,0,0,0,1,0,0,0,1,0,0,0,0,0,0,0,0,1,0,0,0,0
65,4.0,25,3929.820983216264,0,650,1,1932.92325761204,23,1,1,77343.37213452926,84,10.83739729334684,0,Need funding for my education in the UK is £1.,0.9767415523529053,0,1,0,0,0,0,0,0,0,0,0,1,0,0,0,0,0,1,0,0,0,1,0,0,0,0,0,0,0,0,0
36,0.0,0,4458.188247277445,1,618,3,1339.2587517224956,16,1,1,23421.843623604556,48,10.866959200363102,0,Applying for financing to cover costs and expenses.,0.9474360346794128,0,1,0,0,1,0,0,0,0,0,0,0,0,1,0,0,0,1,0,0,0,0,0,0,1,0,0,0,0,0,0
35,3.0,2,14643.44123122937,4,789,2,2089.269812397173,3,1,1,20573.434573377966,36,3.587162900584562,0,Applying for financing to cover the costs of the project.,0.9215720891952515,1,0,0,0,0,0,0,0,0,0,0,0,0,1,0,0,0,1,0,0,0,0,0,0,1,0,0,0,0,0,0
42,2.0,6,10752.079440339505,0,810,0,1971.6394666287224,15,1,0,8491.281368907823,36,4.269824853977977,0,Need funds for the project.,0.9833061099052429,1,0,0,0,0,1,0,0,0,0,0,0,0,0,1,0,0,1,0,0,0,0,0,0,0,0,1,0,0,0,0
36,2.0,3,5094.941710736416,4,689,1,943.5556157346008,12,1,0,329633.5002337607,360,9.167712890738391,1,Looking to buy a house for my family because I love it.,0.9995404481887817,0,1,0,0,0,0,0,0,0,0,0,0,0,1,0,0,0,1,0,0,0,0,0,1,0,0,0,0,0,1,0
46,5.0,5,10711.767885040252,3,834,1,998.4185673217714,18,0,0,36685.578421424034,48,3.88006213282162,0,"I need a car loan to buy a vehicle for the first time,” said a senior official in the ministry.",0.9911965131759644,1,0,0,0,0,0,0,0,0,1,0,0,0,1,0,0,0,0,0,1,0,0,0,0,0,0,0,0,0,0,0
26,2.0,3,5284.531895152417,0,704,1,926.2762860963757,1,1,1,7102.670152874936,60,5.71828901909258,0,I need a personal loan for me to use.,0.9987685084342957,0,1,0,0,0,1,0,0,0,0,0,0,0,0,1,0,0,0,1,0,0,0,0,0,0,0,1,0,0,0,0
24,2.0,0,829.7724874313084,0,424,2,567.6445464464905,5,1,1,13994.773852310076,48,14.041434189930747,1,I need a personal loan for my next project.,0.9988946318626404,0,0,0,1,0,0,1,0,0,0,0,0,0,0,1,0,0,1,0,0,0,0,0,0,0,0,1,0,0,0,0
27,2.0,0,2148.007070838235,0,510,2,1200.5920118343802,7,0,0,15375.864362929387,48,16.112672295871015,1,I need a car loan to buy a vehicle for the next two months.,0.9991426467895508,0,0,0,1,0,0,0,0,0,1,0,0,0,0,1,0,0,0,1,1,0,0,0,0,0,0,0,0,0,0,0
56,3.0,6,8115.703249162619,0,846,1,425.8164159801796,2,0,1,8574.021940018803,60,4.110404021790383,0,Applying for financing to cover the costs of the project.,0.9215720891952515,1,0,0,0,0,0,0,1,0,0,0,0,0,0,1,0,1,0,0,0,0,0,0,0,0,0,0,1,0,0,0
63,3.0,33,7312.289358688386,0,689,0,1745.5546729233522,15,1,1,285504.4187550045,360,9.58983519565352,0,Looking to buy a house for my family because I was afraid I'd be in trouble.,0.9983115196228027,1,0,0,0,0,1,0,0,0,0,0,0,0,1,0,0,0,0,1,0,0,0,0,1,0,0,0,0,0,0,0
32,3.0,7,11371.037943207531,0,731,2,4509.317773511515,2,1,0,15368.395674186777,24,8.114405264129601,0,I need a personal loan for my children.,0.997666597366333,1,0,0,0,0,0,0,0,0,0,1,0,0,0,1,0,1,0,0,0,0,0,0,0,0,1,0,0,0,0,0
50,0.0,10,5796.520913822984,0,699,1,997.6357182130192,11,1,0,28859.234055705896,60,7.688997522633636,1,Applying for financing to cover the costs of the project.,0.9215720891952515,1,0,0,0,1,0,0,0,0,0,0,0,0,0,0,0,1,0,0,0,0,0,0,0,1,0,0,0,0,0,0
38,2.0,18,9278.659470650662,0,769,2,2318.6743674528625,8,1,1,7620.201624939303,24,4.46280029975625,0,Applying for financing to cover expenses related to the cost of the project.,0.940489649772644,1,0,0,0,0,0,0,0,0,0,1,0,0,1,0,0,0,1,0,0,0,0,0,0,1,0,0,0,0,0,0
69,2.0,25,7306.305719769594,1,804,3,1064.5156944650455,18,0,1,127473.65253882782,120,3.715080392582358,0,Applying for business credit to the company's credit card account.,0.9581745266914368,1,0,0,0,0,0,0,0,0,1,0,0,0,0,0,0,1,0,0,0,0,0,0,0,0,0,0,0,0,0,0
45,2.0,8,8369.918327483798,2,740,0,2796.4822753538606,13,1,1,47702.84551691552,36,6.852518114212396,0,"I need a car loan to buy a vehicle for the first time,” said K-Vin.",0.996727705001831,1,0,0,0,0,0,0,0,0,0,1,0,0,0,0,0,1,0,0,1,0,0,0,0,0,0,0,0,0,0,0
31,2.0,8,4318.214969083357,0,713,1,1665.8332952450094,13,1,1,11017.317795812623,36,6.092411469579812,0,I need a personal loan for me.,0.9985173344612122,0,1,0,0,0,0,0,0,0,0,1,0,0,1,0,0,1,0,0,0,0,0,0,0,1,0,0,0,0,0,0
21,2.0,0,3722.210839187768,1,531,1,2335.472904096977,2,0,1,11978.603330557611,48,19.113176112804094,1,Personal: unknown,0.0,0,0,0,1,0,0,0,0,0,0,0,0,0,0,1,0,0,0,1,0,0,0,0,0,0,1,0,0,0,0,1
47,0.0,6,5102.0579617135045,0,682,1,786.1860144660637,12,1,1,25602.48224083768,24,8.872770800107098,1,Applying for financing to cover expenses of the state’s largest public education program.,0.8791224956512451,1,0,0,0,0,0,0,0,0,1,0,0,0,0,0,0,1,0,0,0,0,0,0,0,1,0,0,0,0,0,0
22,3.0,0,2795.691344198761,0,586,3,893.9797932131842,1,1,1,29056.54162844748,24,15.785006127660791,1,I need a personal loan for my children.,0.997666597366333,0,0,0,1,0,1,0,0,0,0,0,0,0,0,1,0,0,0,1,0,0,0,0,0,0,0,0,1,0,0,0
63,3.0,14,9939.027104344668,1,673,4,3557.6156062953028,7,1,0,42895.318356691496,360,10.686176238781126,1,Seeking financing to start my own startup,0.9823746085166931,0,0,1,0,1,0,0,0,0,0,0,0,0,1,0,0,0,0,1,0,0,0,0,0,0,0,0,0,0,0,0
41,3.0,8,9340.688905628493,0,647,3,4559.986138804888,3,1,0,483069.5290224087,120,12.46821677848717,1,Looking to buy a house for my family because they are so excited to have me.,0.9979385733604431,0,1,0,0,0,0,1,0,0,0,0,0,0,0,1,0,0,1,0,0,0,0,0,1,0,0,0,0,0,1,0
30,3.0,8,6912.82689233501,0,728,2,1268.2481654605108,4,1,0,11230.476834429755,84,7.575143191506736,0,I need an education loan to pursue the career of a full-time law professor.,0.9979357719421387,1,0,0,0,0,0,0,0,0,0,0,0,0,0,1,0,0,1,0,0,0,1,0,0,0,0,0,0,0,0,0
44,3.0,11,8967.174313678026,1,749,2,3288.080626128753,21,1,0,361598.473338962,120,7.450888924272039,1,I am applying for a home loan to purchase a home.,0.9946223497390747,1,0,0,0,0,0,0,0,0,0,0,0,0,1,0,0,0,1,0,0,0,0,0,1,0,0,0,0,0,0,0
25,2.0,4,9538.055012782774,2,728,0,2880.2665955560715,1,1,1,258280.45125197372,120,8.365181534454967,0,Need mortgage financing for the first time.,0.9720180630683899,1,0,0,0,0,0,0,0,0,0,0,0,0,1,0,0,0,0,1,0,0,0,0,1,0,0,0,0,0,0,0
49,1.0,15,5534.479217445402,0,687,1,1050.5880804596204,12,1,1,36044.08078885128,360,8.295750550336345,0,I need a business loan to expand my business and I can't afford to take the loan.,0.997008740901947,1,0,0,0,0,0,0,1,0,0,0,0,0,0,1,0,1,0,0,0,0,0,0,0,0,0,0,0,0,0,0
47,2.0,0,4233.160266465339,2,656,3,1053.0466827276884,2,0,0,49280.45746899533,48,7.856014554138701,1,Looking to finance a car because it’s a good idea to have a car that is a good idea to have a car that is a good idea,0.9967471361160278,0,0,0,1,0,0,1,0,0,0,0,0,0,0,0,0,1,0,0,1,0,0,0,0,0,0,0,0,0,1,0
54,3.0,4,11444.194972948178,2,739,1,1846.2462261641333,0,1,1,14365.31536566178,60,7.009408775740264,0,"Need funds for the construction of the new buildings, the construction of the new buildings, the construction of the new buildings, the construction of the",0.9882745742797852,0,0,1,0,0,1,0,0,0,0,0,0,0,0,0,0,0,0,0,0,0,0,0,0,1,0,0,0,0,0,0
45,1.0,25,7665.116733870062,0,794,2,779.1300187029856,9,1,1,20135.293937689683,36,5.435756707361488,0,I need a personal loan for my first year of college.,0.9977411031723022,1,0,0,0,0,0,0,0,1,0,0,0,0,0,1,0,0,0,1,0,0,0,0,0,0,0,0,1,0,0,0
69,2.0,14,7679.906174024232,0,666,2,2690.429259123392,25,1,1,35440.813792572306,60,8.857510804394922,1,Car Loan: unknown,0.0,0,0,1,0,0,0,0,1,0,0,0,0,0,0,0,0,0,0,1,1,0,0,0,0,0,0,0,0,0,0,1
69,2.0,16,9805.298150412047,2,709,1,3211.937053375391,20,0,0,20685.853759359896,24,8.155650787997121,1,"Need funds for a new project, or a new project that will be a part of a new project.",0.99595046043396,0,0,0,0,0,0,0,0,0,0,1,0,0,1,0,0,1,0,0,0,0,0,0,0,0,0,1,0,0,0,0
56,5.0,15,14062.475054108629,3,714,0,4754.515370781588,27,1,1,57816.46165158387,84,6.785373711546386,0,I need an education loan to pursue a career in the field of economics and economics.,0.9967808723449707,0,0,0,0,0,0,0,0,0,1,0,0,0,1,0,0,1,0,0,0,0,1,0,0,0,0,0,0,0,0,0
26,2.0,6,12474.243179155195,0,654,0,3112.3401795996224,1,0,1,12572.893220829816,12,8.298823772227946,0,Need funds for the project.,0.9833061099052429,0,0,1,0,0,0,0,0,0,0,0,0,1,0,1,0,0,1,0,0,0,0,0,0,0,0,1,0,0,0,0
26,2.0,6,4779.516751061364,3,617,2,2551.715484056409,5,1,1,22162.67962625603,48,13.581823112939803,1,Need funds for the project.,0.9833061099052429,0,0,1,0,0,0,0,1,0,0,0,0,0,1,0,0,0,0,1,0,0,0,1,0,0,0,0,0,0,0,0
21,2.0,1,2399.27998036677,1,613,2,1129.662597997879,0,1,1,9971.160126983945,12,11.14607846051373,1,I need a personal loan for a couple of years.,0.997724711894989,1,0,0,0,0,0,0,1,0,0,0,0,0,1,0,0,0,0,1,0,0,0,0,0,0,1,0,0,0,0,0
27,2.0,7,8461.771530772072,2,706,3,2667.87107225663,5,1,1,21305.883828311016,24,7.451275746471593,0,Applying for financing to cover the cost of the acquisition of the project.,0.9373926520347595,1,0,0,0,0,0,0,0,0,0,0,0,0,1,0,0,0,0,0,0,0,0,0,0,1,0,0,0,0,0,0
54,1.0,13,3982.814509812941,1,738,1,1166.711725869988,15,1,1,271053.0563432061,180,5.536470314432161,1,Looking to buy a house for my family because of the fact that they are very close to me.,0.9663536548614502,1,0,0,0,0,0,0,1,0,0,0,0,0,1,0,0,0,1,0,0,0,0,0,1,0,0,0,0,0,1,0
44,1.0,2,10063.574081167735,1,756,2,562.2803821500111,2,1,1,25573.961155537152,60,4.447567815547743,0,Need funds for the project.,0.9833061099052429,1,0,0,0,0,0,0,0,0,0,0,0,0,1,0,0,0,1,0,0,0,0,0,0,0,1,0,0,0,0,0
48,3.0,2,15273.95576879867,2,682,0,5227.4633068772855,13,1,0,28619.1432470607,12,8.365718356101192,0,Need funds for the next few weeks.,0.9974800944328308,1,0,0,0,0,0,0,0,0,1,0,0,0,1,0,0,0,1,0,0,0,0,0,0,1,0,0,0,0,0,0
55,2.0,5,8661.674178834164,0,808,0,1847.4170839500173,15,1,0,42942.07937445929,48,4.770496941851796,0,Looking to finance a car because it‬s a good idea to have a car that you can afford.,0.9982607960700989,0,0,1,0,0,1,0,0,0,0,0,0,0,0,1,0,1,0,0,1,0,0,0,0,0,0,0,0,0,1,0
60,3.0,24,9866.631254491607,3,728,1,1667.2964281770037,5,1,0,8499.44048355307,60,8.403098164621259,0,Applying for debt consolidation to reduce the cost of government debt.,0.89922696352005,1,0,0,0,0,0,0,0,0,0,1,0,0,1,0,0,1,0,0,0,1,0,0,0,0,0,0,0,0,0,0
41,2.0,13,4958.869442155422,0,677,1,1784.9702866838338,21,1,1,10736.85560631108,60,10.520531661235294,0,Need to refinance existing loans because the government is not willing to pay for it.,0.9982486963272095,0,1,0,0,0,1,0,0,0,0,0,0,0,0,1,0,0,1,0,0,1,0,0,0,0,0,0,0,0,0,0
37,1.0,10,7572.804578371632,3,668,0,2734.105146975738,11,0,1,43198.45535325186,72,10.538949481796404,0,I need a car loan to buy a vehicle for a month.,0.9985894560813904,1,0,0,0,0,0,0,0,1,0,0,0,0,1,0,0,0,0,1,1,0,0,0,0,0,0,0,0,0,0,0
44,1.0,24,9630.63509596123,0,737,2,2402.56459070595,6,1,0,43209.26153036543,36,5.997703073112358,0,Car Loan: unknown,0.0,1,0,0,0,0,0,0,0,0,0,0,0,0,0,0,1,0,0,0,1,0,0,0,0,0,0,0,0,0,0,1
64,3.0,23,5300.2777246990045,0,617,2,2421.974547626776,29,1,1,60900.78930111589,60,10.650513185262868,1,Education: unknown,0.0,0,1,0,0,0,0,0,0,0,0,1,0,0,0,1,0,0,1,0,0,0,1,0,0,0,0,0,0,0,0,1
21,1.0,0,3054.758847181387,1,536,2,1799.9115637006266,2,1,1,10720.289408913472,12,16.017596525013126,1,I need a personal loan for me to get into the business.,0.998408854007721,0,0,0,1,1,0,0,0,0,0,0,0,0,0,0,1,1,0,0,0,0,0,0,0,0,0,1,0,0,0,0
49,2.0,16,14245.709654454457,3,731,0,5597.78779762913,16,0,0,29061.18237355278,12,6.991745517677156,0,Vacation: unknown,0.0,0,0,1,0,0,0,0,1,0,0,0,0,0,1,0,0,1,0,0,0,0,0,0,0,0,0,1,0,0,0,1
44,3.0,16,8882.79746692767,0,681,3,1721.481383998626,26,0,1,29854.670570867456,60,7.985173721786213,1,Applying for auto financing to purchase a home,0.8643233180046082,0,1,0,0,0,0,0,0,0,1,0,0,0,0,1,0,0,1,0,1,0,0,0,0,0,0,0,0,0,0,0
54,2.0,34,9735.512973731917,2,746,2,2541.2797244395524,26,0,1,29871.44932648304,48,5.764605111369612,0,I need a personal loan for a year.,0.9970656037330627,1,0,0,0,0,0,0,0,0,0,0,0,1,0,0,0,0,1,0,0,0,0,0,0,0,1,0,0,0,0,0
31,3.0,2,13068.431926113128,0,701,3,3030.459242269586,4,1,0,22346.249480674905,48,5.558831597422761,1,I need a car loan to buy a vehicle for my daughter.,0.9989824891090393,0,0,1,0,0,0,0,1,0,0,0,0,0,1,0,0,0,0,1,1,0,0,0,0,0,0,0,0,0,0,0
50,3.0,29,4057.010866355468,1,633,0,1547.6208287852962,9,1,0,25165.903043131493,12,12.425381221938448,1,"I need a personal loan for my children,” he said.",0.9909408688545227,0,1,0,0,0,0,0,0,0,0,0,0,1,1,0,0,1,0,0,0,0,0,0,0,0,0,1,0,0,0,0
51,1.0,0,3395.3454948848425,0,628,2,1140.0832291815866,1,1,0,47102.75407997624,72,10.973211505378412,1,Applying for auto financing to purchase a new home.,0.9567456245422363,0,0,0,1,0,0,0,1,0,0,0,0,0,1,0,0,0,1,0,1,0,0,0,0,0,0,0,0,0,0,0
18,1.0,0,2155.5324367276867,2,502,1,1006.0084512583778,0,1,0,16037.967412771626,12,16.145561101376053,1,Applying for financing to cover the cost of a project.,0.9046674966812134,0,0,0,1,0,0,0,0,0,0,0,0,0,0,1,0,0,0,1,0,0,0,0,0,0,0,0,1,0,0,0
68,2.0,15,7050.499308145101,3,677,1,2313.6688738172256,8,1,1,282583.4841699201,360,9.500341696630793,1,Looking to buy a house for my family because I love it.,0.9995404481887817,1,0,0,0,0,0,0,0,0,1,0,0,0,1,0,0,0,1,0,0,0,0,0,1,0,0,0,0,0,1,0
25,4.0,3,8772.599279216742,2,734,2,2167.420628265562,3,1,1,10734.868642623742,36,6.581035285615805,0,"I need a personal loan for me, but I can't afford to pay for it.",0.9989494681358337,1,0,0,0,0,0,0,0,0,0,0,1,0,1,0,0,0,0,0,0,0,0,0,0,0,1,0,0,0,0,0
51,0.0,15,2999.279394412211,1,623,1,1498.5729621087662,3,1,1,26549.765329447026,60,11.499446398607072,1,Personal: unknown,0.0,1,0,0,0,0,0,0,1,0,0,0,0,0,0,0,0,0,1,0,0,0,0,0,0,0,1,0,0,0,0,1
52,0.0,6,4204.926724593729,2,679,1,665.6371763046267,0,1,1,28792.93251595883,24,9.258833701428353,1,Need funds for the next few months.,0.9962524771690369,1,0,0,0,0,0,0,1,0,0,0,0,0,1,0,0,1,0,0,0,0,0,0,0,0,0,1,0,0,0,0
39,3.0,5,19408.465020005715,1,745,2,4028.926374788019,8,0,1,295066.85459264927,240,5.907722146878097,1,Looking to buy a house for my family because I want to be a part of my family.,0.5118247270584106,0,0,1,0,0,0,1,0,0,0,0,0,0,1,0,0,0,1,0,0,0,0,0,1,0,0,0,0,1,0,0
61,4.0,9,11647.549168965332,0,832,0,1555.5692857391566,2,1,1,15533.925056926755,12,4.096942864420756,0,I need a personal loan for the next two years.,0.9982693195343018,1,0,0,0,0,0,0,0,1,0,0,0,0,1,0,0,0,1,0,0,0,0,0,0,0,0,0,1,0,0,0
31,2.0,8,8439.411824629698,0,727,0,2762.698222788897,5,1,1,258068.6350255248,180,6.602398958766814,1,Need mortgage financing for the first time.,0.9720180630683899,1,0,0,0,0,0,0,0,1,0,0,0,0,1,0,0,0,0,1,0,0,0,0,1,0,0,0,0,0,0,0
32,3.0,13,9464.454897410737,0,660,3,2324.6168011921,6,1,1,29580.772145169703,60,10.509791423577122,0,I need a personal loan for me.,0.9985173344612122,0,0,0,0,0,0,1,0,0,0,0,0,0,0,1,0,0,1,0,0,0,0,1,0,0,0,0,0,0,0,0
21,4.0,2,3302.526413476256,0,588,1,1607.3114239342503,0,0,1,154721.27637080307,120,17.472685111141306,1,I am applying for a home loan to purchase a new house in New York City.,0.9941017031669617,1,0,0,0,0,0,0,0,0,0,0,1,0,0,1,0,0,0,0,0,0,0,0,1,0,0,0,0,0,0,0
29,3.0,10,4483.074608507808,0,586,2,1572.1060574849555,2,1,1,252816.0244524304,180,14.118904416001612,1,I am applying for a home loan to purchase a home for the same amount.,0.9958999752998352,0,1,0,0,0,0,0,1,0,0,0,0,0,1,0,0,0,0,1,0,0,0,0,1,0,0,0,0,0,0,0
39,5.0,0,1448.1936499595338,1,629,1,508.0265744891605,4,1,0,134271.01556860493,360,12.849292843705168,1,I need a business loan to expand my business.,0.9976586103439331,0,0,0,1,0,0,0,0,0,0,1,0,0,1,0,0,1,0,0,0,0,0,0,0,0,0,0,0,0,0,0
18,3.0,0,3380.188651155546,0,595,3,1032.2749238770475,0,1,0,84868.83365112895,360,18.81664419738548,0,Seeking financing to start my own business.,0.9802054166793823,1,0,0,0,0,0,0,0,0,1,0,0,0,0,1,0,0,0,1,0,0,0,0,0,0,0,0,0,0,0,0
52,1.0,0,7146.377988522978,4,734,0,1495.4293634548924,15,1,1,31120.6634435396,84,6.826073121348573,0,"Need funding for my education in the United States, and I will continue to work with other countries to ensure that I am able to continue to work for my",0.9984595775604248,1,0,0,0,0,0,0,0,0,0,0,0,1,1,0,0,1,0,0,0,0,1,0,0,0,0,0,0,0,1,0
42,3.0,14,11578.045380692478,0,791,0,1584.8105372310158,16,0,1,351744.20015456394,240,4.973634973711743,0,I am applying for a home loan to purchase a home in the United States.,0.9921103119850159,1,0,0,0,0,0,0,0,0,0,0,1,0,0,1,0,0,1,0,0,0,0,0,1,0,0,0,0,0,0,0
24,2.0,3,2741.809565245446,0,581,2,1130.4006723837476,1,1,0,73063.43375198546,120,18.827698441546676,1,Seeking financing to start my own business in China.,0.9830381870269775,1,0,0,0,0,0,1,0,0,0,0,0,0,0,1,0,0,0,1,0,0,0,0,0,0,0,0,0,0,0,0
62,2.0,37,9730.691243750209,0,675,2,3118.0750769342085,5,0,1,7823.291067150283,24,8.347809262385985,0,Need funds for a small number of projects.,0.9844833016395569,1,0,0,0,0,0,0,0,0,0,0,0,1,0,1,0,0,1,0,0,0,0,0,0,0,1,0,0,0,0,0
56,2.0,0,1676.0834241300415,0,565,2,813.7380872946511,18,1,1,16364.587639380235,60,14.3045857217132,1,Applying for financing to cover the cost of the project.,0.9172947406768799,0,0,0,1,0,1,0,0,0,0,0,0,0,1,0,0,0,1,0,0,0,0,0,0,0,1,0,0,0,0,0
47,0.0,26,4617.443283019243,0,712,1,735.3366560372567,1,1,1,19906.74696205133,60,5.861700657331836,0,Applying for financing to cover the costs of the project.,0.9215720891952515,0,0,1,0,0,0,0,0,0,0,0,1,0,0,1,0,1,0,0,0,0,0,0,0,1,0,0,0,0,0,0
67,3.0,21,9997.056368253525,3,840,0,779.9383777348395,0,0,0,17958.24130909342,12,5.351921544385511,0,I need a personal loan for me.,0.9985173344612122,1,0,0,0,0,0,0,0,0,0,0,0,0,1,0,0,1,0,0,0,0,0,0,0,1,0,0,0,0,0,0
26,3.0,1,12322.03676079592,1,763,2,696.0557050078634,7,1,0,38055.11735544578,48,3.758162522187621,0,Looking to finance a car because it’s not a good idea to spend money on a car because it’s not a good idea to spend,0.9998080134391785,1,0,0,0,0,0,0,0,0,0,0,1,0,1,0,0,1,0,0,1,0,0,0,0,0,0,0,0,0,0,0
61,3.0,34,15772.85988585958,1,702,0,2863.81800218423,27,0,0,70855.98058678905,84,7.558981590058292,0,Need funding for my education in the US.,0.9946110248565674,0,0,1,0,0,0,0,0,1,0,0,0,0,1,0,0,1,0,0,0,0,1,0,0,0,0,0,0,0,0,0
18,0.0,0,1515.8348693549226,0,600,3,457.47475004950826,0,0,1,11106.159504010382,120,19.20714074362133,1,Applying for student financing for the school district.,0.966926634311676,0,1,0,0,0,0,0,0,0,0,0,0,1,1,0,0,0,0,0,0,0,1,0,0,0,0,0,0,0,0,0
19,1.0,0,1326.531850602095,2,558,3,507.94496738269584,1,0,1,24205.56678341204,36,15.175543387742527,1,I need a personal loan for my children.,0.997666597366333,0,0,0,1,1,0,0,0,0,0,0,0,0,0,0,0,0,0,1,0,0,0,0,0,1,0,0,0,0,0,0
63,4.0,25,6936.986844457497,0,776,2,1149.301829078833,0,1,1,11854.016663995146,60,3.714145623991077,0,Need funds for a new school.,0.9976096153259277,1,0,0,0,0,0,1,0,0,0,0,0,0,0,1,0,0,1,0,0,0,0,0,0,0,0,1,0,0,0,0
47,2.0,0,2949.779485688181,0,586,1,1109.5912152932883,6,1,1,24616.70659860774,48,18.63531267263553,1,Applying for financing to cover the costs of the project.,0.9215720891952515,0,0,0,1,0,0,0,0,0,0,0,1,0,0,0,0,0,1,0,0,0,0,0,0,0,0,1,0,0,0,0
18,1.0,0,2755.2569308141374,0,621,1,773.8030729833648,0,1,0,23859.054979598564,12,10.112406734470577,1,Applying for financing to cover the costs of the project.,0.9215720891952515,0,0,0,0,0,1,0,0,0,0,0,0,0,0,1,0,0,0,1,0,0,0,0,0,0,0,1,0,0,0,0
31,3.0,6,10177.083422419517,0,768,0,2086.9327176863817,11,0,1,65661.84764027709,240,4.070884281373434,1,Applying for business credit to a company that was not in the company's financial position.,0.9939882755279541,1,0,0,0,0,0,1,0,0,0,0,0,0,0,1,0,0,0,1,0,0,0,0,0,0,0,0,0,0,0,0
49,1.0,13,11389.65367692244,2,848,3,2139.1766296931987,25,1,0,169072.81221900528,240,5.448791753560158,0,I need a business loan to expand my business.,0.9976586103439331,1,0,0,0,0,1,0,0,0,0,0,0,0,1,0,0,1,0,0,0,0,0,0,0,0,0,0,0,0,0,0
39,3.0,14,7919.517023323553,0,632,0,3504.547200988352,18,1,0,21786.978716680173,60,10.795968555837748,0,"Applying for financing to cover the cost of the project, which will be funded by the State of Illinois.",0.8139077425003052,0,0,1,0,0,0,1,0,0,0,0,0,0,0,1,0,0,0,1,0,0,0,0,0,0,0,0,1,0,0,0
67,3.0,20,9672.1248959547,3,758,2,971.6756913180524,8,1,1,63539.427741030144,240,5.343914372732067,0,Business: unknown,0.0,1,0,0,0,0,0,0,0,1,0,0,0,0,1,0,0,1,0,0,0,0,0,0,0,0,0,0,0,0,0,1
60,3.0,24,8926.58157313879,0,689,1,2609.874661620941,27,1,1,26710.26969853455,48,8.80020080280802,0,Need funds for the first time in over a year.,0.8612815141677856,0,0,1,0,0,0,0,1,0,0,0,0,0,1,0,0,1,0,0,0,0,0,0,0,0,0,1,0,0,0,0
38,4.0,6,9567.63890299423,0,777,2,951.8368344427,1,0,1,355281.7827800716,180,5.628966352537768,1,Need mortgage financing for a new home.,0.9950082302093506,1,0,0,0,0,0,0,0,0,0,1,0,0,1,0,0,0,0,0,0,0,0,0,1,0,0,0,0,0,0,0
45,0.0,10,8134.677619706896,0,726,1,3117.8456762386804,15,1,1,21064.12998837979,48,7.408532094124698,0,I need a personal loan for the next five years.,0.9982942938804626,1,0,0,0,0,1,0,0,0,0,0,0,0,0,0,0,1,0,0,0,0,0,0,0,1,0,0,0,0,0,0
19,1.0,0,1559.6518424384603,0,440,1,928.3426452806368,1,1,1,6081.075624481634,36,15.423714313620884,1,I need a personal loan for my daughter.,0.998080849647522,0,0,0,1,0,0,0,0,1,0,0,0,0,0,1,0,0,0,1,0,0,0,0,0,0,0,1,0,0,0,0
58,1.0,34,4946.309249863266,2,722,2,1259.3300736864012,20,0,0,28322.04523080184,60,6.022580009734761,0,Need funding for my education in the United States.,0.9906061291694641,0,0,1,0,0,0,0,1,0,0,0,0,0,1,0,0,1,0,0,0,0,1,0,0,0,0,0,0,0,0,0
44,0.0,7,7313.929330479735,1,679,0,2352.1795695379265,2,1,1,50711.5992113583,60,7.606108115173044,1,Need funding for my education in the U.,0.9809291362762451,1,0,0,0,0,0,0,0,1,0,0,0,0,0,0,0,1,0,0,0,0,1,0,0,0,0,0,0,0,0,0
58,4.0,22,10556.394535456824,2,680,2,3936.162871667761,26,1,0,151022.3614174767,360,9.614250869749268,0,Need mortgage financing for many years has been a major concern for the housing market.,0.6016262173652649,1,0,0,0,0,0,0,1,0,0,0,0,0,1,0,0,0,1,0,0,0,0,0,1,0,0,0,0,0,1,0
46,3.0,14,11282.748962907452,1,742,0,2341.152791687104,24,0,1,29395.639022318093,36,7.517151529875111,0,"Applying for auto financing to purchase, or to purchase a car.",0.8906511664390564,0,0,1,0,0,0,0,0,0,0,0,1,0,1,0,0,1,0,0,1,0,0,0,0,0,0,0,0,0,0,0
25,1.0,6,8975.91888701999,0,649,1,2282.527553110408,4,1,1,154127.16574826775,120,12.961904527814076,1,Applying for business credit to a credit card.,0.9215068817138672,1,0,0,0,0,0,0,0,0,0,1,0,0,0,1,0,0,0,1,0,0,0,0,0,0,0,0,0,0,0,0
23,0.0,0,2228.256063823889,0,512,1,957.6999174396666,2,1,1,5225.017646593745,60,18.929848583153024,1,Need funds for the upcoming project.,0.9895723462104797,0,0,0,1,1,0,0,0,0,0,0,0,0,0,1,0,0,1,0,0,0,0,0,0,0,0,1,0,0,0,0
62,4.0,14,14233.343781884823,0,817,1,1903.4666636367929,14,1,1,27032.2001875409,60,4.448977284386836,1,Applying for financing to cover the cost of the project.,0.9172947406768799,1,0,0,0,0,0,0,1,0,0,0,0,0,0,0,0,0,0,0,0,0,0,0,0,0,0,0,1,0,0,0
19,3.0,0,2121.724718605529,1,582,0,1125.2984439555576,1,1,0,36037.3885393648,60,18.116025761311988,1,Applying for student financing for the program.,0.9433702826499939,1,0,0,0,0,0,0,0,0,1,0,0,0,1,0,0,0,0,1,0,0,1,0,0,0,0,0,0,0,0,0
20,2.0,1,1514.5065800639888,0,590,3,496.8656570226263,1,1,1,12177.151814361125,60,13.493443619502012,0,Need to refinance existing loans because they’re not paying the interest.,0.999484658241272,0,1,0,0,0,0,0,0,1,0,0,0,0,0,0,0,0,0,1,0,1,0,0,0,0,0,0,0,0,0,0
61,5.0,7,21631.870443238666,0,750,1,6262.655386352329,3,1,0,83057.69951791389,120,8.144352339025064,0,"Applying for student financing for tuition, and the payment of tuition, for tuition and other expenses.",0.9074495434761047,0,0,1,0,0,0,0,0,0,0,0,0,0,0,0,0,0,0,1,0,0,1,0,0,0,0,0,0,0,0,0
61,3.0,36,6195.126361805398,3,595,2,3220.8103823661527,5,1,1,20188.88055733932,36,16.487733884942582,0,Applying for financing to cover costs and costs of the project.,0.942542314529419,0,0,0,0,0,0,0,0,0,0,0,0,0,1,0,0,0,0,1,0,0,0,0,0,0,0,0,1,0,0,0
42,5.0,4,5653.007224222551,1,622,1,2832.890665357367,22,0,1,9980.919087138638,36,10.168145608761684,1,Need funds for the future of the project.,0.9929744005203247,0,1,0,0,0,0,0,0,1,0,0,0,0,1,0,0,0,1,0,0,0,0,1,0,0,0,0,0,0,0,0
40,1.0,12,11111.102710326397,2,627,2,4269.14910607529,4,0,1,118208.02162962906,120,11.076972923797523,0,I need a business loan to expand my business.,0.9976586103439331,0,0,1,0,1,0,0,0,0,0,0,0,0,1,0,0,0,1,0,0,0,0,0,0,0,0,0,0,0,0,0
50,3.0,18,12742.87514699794,0,716,1,3447.7899078705395,18,0,1,7962.308969210015,48,7.643232290879794,0,Need funds for the film.,0.9902044534683228,1,0,0,0,0,1,0,0,0,0,0,0,0,0,1,0,1,0,0,0,0,0,0,0,0,0,0,1,0,0,0
28,3.0,6,10120.492278726664,1,633,1,4059.071716690815,1,1,1,216606.0885949304,120,12.289071155457794,1,I am applying for a home loan to purchase a house in the UK.,0.9901642203330994,0,0,1,0,0,0,0,0,0,0,0,1,0,1,0,0,0,1,0,0,0,0,0,1,0,0,0,0,0,0,0
43,3.0,11,9775.755395825325,2,782,1,854.486556634587,16,1,1,13091.980910106093,36,4.769025946711137,0,I need a personal loan for the rest of my life.,0.9969384670257568,1,0,0,0,0,0,0,0,0,0,0,1,0,0,0,1,0,0,1,0,0,0,0,0,0,0,1,0,0,0,0
44,3.0,18,9410.07260683437,2,688,1,2433.5667412270923,19,1,0,11342.054346828469,48,9.500155588217538,0,I need a personal loan for me to make sure I get a loan.,0.9990624785423279,1,0,0,0,0,1,0,0,0,0,0,0,0,0,0,0,0,0,1,0,0,0,0,0,0,0,1,0,0,0,0
29,2.0,4,4670.354732784564,2,651,3,1486.065560160496,6,1,1,22717.649220247647,36,10.559251206568147,0,Looking to finance a car because of the high demand and the low cost of cars.,0.996807873249054,0,1,0,0,0,0,0,0,0,0,1,0,0,0,0,0,1,0,0,1,0,0,0,0,0,0,0,0,0,0,0
20,2.0,0,1316.6249799154298,0,496,1,917.4336148274537,0,0,1,18680.798017791625,60,19.43493030425841,1,I need a personal loan for my kids to live in.,0.9982143640518188,0,1,0,0,0,0,0,1,0,0,0,0,0,1,0,0,0,1,0,0,0,0,1,0,0,0,0,0,0,0,0
50,3.0,12,9431.873325945038,0,694,3,3322.324913357901,14,1,0,25009.104711383632,60,9.622792788631266,1,I need a personal loan for me.,0.9985173344612122,1,0,0,0,0,0,0,0,0,1,0,0,0,1,0,0,0,1,0,0,0,0,0,0,1,0,0,0,0,0,0
20,3.0,1,1922.1780394046743,0,499,2,1160.3732410753,0,1,1,35417.08445256893,240,13.911325444405616,1,Seeking financing to start my own research project.,0.987972617149353,0,1,0,0,0,0,0,0,0,1,0,0,0,0,1,0,0,0,1,0,0,0,0,0,0,0,0,0,0,0,0
21,1.0,1,3121.0094331864057,0,533,2,1329.6223766191033,2,0,1,8445.572478980885,36,13.013159184674375,1,I need a personal loan for my children.,0.997666597366333,0,0,1,0,0,0,0,1,0,0,0,0,0,0,1,0,0,0,1,0,0,0,0,0,0,0,1,0,0,0,0
22,1.0,0,2594.662857579892,0,519,2,1168.768704409142,1,1,0,91942.44635541557,120,14.883097518710912,1,I need an education loan to pursue a career in journalism.,0.9976849555969238,0,0,0,0,0,0,0,0,1,0,0,0,0,0,1,0,0,0,1,0,0,1,0,0,0,0,0,0,0,0,0
46,1.0,7,11462.406815035289,3,678,0,3709.962057142625,11,1,1,14116.766905858414,48,9.833159797077805,0,Need funds for the project.,0.9833061099052429,1,0,0,0,0,0,0,1,0,0,0,0,0,1,0,0,0,0,1,0,0,0,0,0,0,0,0,1,0,0,0
30,4.0,3,4801.626355668853,0,591,1,1375.5960730511422,11,1,0,36383.04260399961,120,17.768207853076532,1,Seeking financing to start my own company.,0.9868311882019043,0,1,0,0,1,0,0,0,0,0,0,0,0,1,0,0,0,1,0,0,0,0,0,0,0,0,0,0,0,0,0
35,0.0,11,4952.444085396406,4,582,4,1271.156772627004,0,0,0,302905.5205931065,240,13.214890022189865,1,Need mortgage financing for most of the country.,0.973922610282898,1,0,0,0,0,0,0,0,0,0,0,0,1,1,0,0,0,1,0,0,0,0,0,1,0,0,0,0,0,0,0
63,2.0,34,5260.130944272622,2,703,1,1200.8395037789692,0,1,1,44733.69754207655,36,8.475088220117355,0,Applying for auto financing to purchase an SUV.,0.9251207113265991,0,1,0,0,0,1,0,0,0,0,0,0,0,1,0,0,0,1,0,1,0,0,0,0,0,0,0,0,0,0,0
62,2.0,14,2907.327209909145,0,674,2,490.2848602079816,23,1,1,29672.17341501293,48,8.195504885369603,0,"I need a personal loan for me, so I have a lot of money to pay for it, so I can get it done.",0.999355137348175,0,1,0,0,0,0,0,1,0,0,0,0,0,1,0,0,1,0,0,0,0,0,0,0,1,0,0,0,0,0,0
19,2.0,0,2001.095477694056,1,531,1,1173.6641881567116,1,1,1,41295.31844586814,36,16.570969793372814,1,Applying for debt consolidation to reduce the federal deficit and reduce the deficit.,0.9570488929748535,0,0,0,1,0,0,0,1,0,0,0,0,0,0,1,0,0,0,1,0,1,0,0,0,0,0,0,0,0,0,0
60,3.0,18,9771.095989955476,0,720,3,3383.408235174528,15,1,1,8244.9950203335,24,8.45423398849524,1,I need a personal loan for the rest of my life.,0.9969384670257568,1,0,0,0,0,0,0,0,0,0,0,1,0,0,1,0,0,1,0,0,0,0,0,0,0,0,1,0,0,0,0
62,1.0,20,8914.195722797089,0,817,1,1577.226576024348,22,1,0,9148.872382394624,36,4.568724219801538,0,"Applying for financing to cover the cost of the new, expanded, and expanded program.",0.6523526310920715,1,0,0,0,0,0,0,1,0,0,0,0,0,0,0,1,0,0,0,0,0,0,0,0,0,1,0,0,0,0,0
39,1.0,0,137.14384383223032,0,579,2,44.41646066704017,14,0,1,269191.54986098065,360,16.815008730146253,1,Need mortgage financing for the first time.,0.9720180630683899,0,0,0,1,0,0,0,0,0,1,0,0,0,0,1,0,0,1,0,0,0,0,0,1,0,0,0,0,0,0,0
31,4.0,10,7900.109977416732,2,790,1,967.6549604559676,11,0,0,176137.2487269078,180,5.812617938357536,1,Applying for business credit to the IRS is not a good idea.,0.9997947812080383,1,0,0,0,0,1,0,0,0,0,0,0,0,1,0,0,0,1,0,0,0,0,0,0,0,0,0,0,0,0,0
20,1.0,0,73.08442158806994,1,488,3,26.34109947717281,0,0,0,55373.36407554847,60,16.84944749363764,1,Applying for student financing for the school.,0.9649717807769775,0,0,0,1,0,0,0,1,0,0,0,0,0,0,1,0,0,1,0,0,0,1,0,0,0,0,0,0,0,0,0
32,3.0,11,12760.248225329631,3,671,3,4995.069863259296,1,1,1,15812.4469582533,36,9.271496519940854,0,I need a personal loan for me.,0.9985173344612122,1,0,0,0,0,1,0,0,0,0,0,0,0,1,0,0,1,0,0,0,0,0,0,0,0,1,0,0,0,0,0
18,1.0,0,3570.578046117761,0,539,2,1385.1948480725562,0,1,1,250165.43119760012,180,16.26087047243472,1,Need mortgage financing for the next decade.,0.9815846681594849,1,0,0,0,0,0,0,0,0,0,0,0,0,0,1,0,0,0,1,0,0,0,0,1,0,0,0,0,0,0,0
28,4.0,5,10150.955554100869,2,783,2,2021.7861980415944,8,1,1,18733.061985079352,60,5.201889732401214,0,Applying for financing to cover the costs of the loan and the cost of the loan and the cost of the loan and the cost of the loan and the,0.8891977667808533,1,0,0,0,0,0,0,0,0,1,0,0,0,1,0,0,0,0,1,0,0,0,1,0,0,0,0,0,0,0,0
59,3.0,5,10967.384192684232,1,804,2,1640.809276460241,20,1,1,23570.624372657905,60,5.725142563663131,0,Applying for financing to cover the cost of the project.,0.9172947406768799,1,0,0,0,0,1,0,0,0,0,0,0,0,1,0,0,0,1,0,0,0,0,0,0,0,1,0,0,0,0,0
60,1.0,34,8796.211811689445,0,721,2,2968.783966250372,14,1,1,336081.358317569,360,6.334298545199069,0,Need mortgage financing for a new home in the U.,0.9879677295684814,1,0,0,0,0,1,0,0,0,0,0,0,0,0,1,0,1,0,0,0,0,0,0,1,0,0,0,0,0,0,0
27,3.0,0,9177.120812713723,0,786,3,1376.775069792877,0,1,0,23538.11427653459,12,5.078547303045941,0,"I want to consolidate my debts to the banks, but I want to do that.",0.956030011177063,1,0,0,0,0,0,0,1,0,0,0,0,0,0,1,0,0,0,0,0,1,0,0,0,0,0,0,0,0,1,0
34,2.0,1,5850.768757655487,3,693,4,2269.768675776326,7,0,1,28143.474693333275,48,7.53089466961526,1,Need funds for the project.,0.9833061099052429,1,0,0,0,0,0,0,0,0,1,0,0,0,1,0,0,0,1,0,0,0,0,1,0,0,0,0,0,0,0,0
36,1.0,3,5517.657943256474,0,685,1,1351.7459257867124,9,1,1,6121.01092099782,12,10.753902583624528,1,Need funds for the project.,0.9833061099052429,0,1,0,0,0,0,0,0,0,1,0,0,0,0,1,0,1,0,0,0,0,0,0,0,0,0,1,0,0,0,0
32,2.0,11,5161.945688879975,0,606,0,1820.2095752784471,0,1,1,25249.46859208681,24,10.897531919199182,1,Need funds for the campaign.,0.9850998520851135,1,0,0,0,0,0,0,0,0,0,0,0,0,0,1,0,0,0,1,0,0,0,1,0,0,0,0,0,0,0,0
26,2.0,0,3690.209025071031,1,590,1,1838.3198419264024,3,1,0,24224.600004410164,24,13.100152428559642,1,Need funds for the first time.,0.8434478640556335,0,0,0,1,0,1,0,0,0,0,0,0,0,0,1,0,0,1,0,0,0,0,0,0,0,0,1,0,0,0,0
29,3.0,6,12092.296758774024,1,621,2,3035.656681233924,2,0,1,88374.45792264711,60,11.6579901005558,1,Need funding for my education in the United States.,0.9906061291694641,1,0,0,0,0,0,0,0,0,0,0,1,0,1,0,0,0,0,1,0,0,1,0,0,0,0,0,0,0,0,0
24,3.0,0,3883.127026284648,0,596,4,1689.373655165922,3,1,1,266837.0317639752,180,16.49693617798165,1,Need mortgage financing for a family of four.,0.9890767335891724,1,0,0,0,0,0,0,0,0,0,0,0,1,0,1,0,0,0,1,0,0,0,0,1,0,0,0,0,0,0,0
61,1.0,10,4869.200959940656,1,722,1,1393.5989822714089,12,0,1,9131.05126106508,24,8.499141412467742,0,Need funds for the new season.,0.9953953623771667,1,0,0,0,0,0,0,0,0,1,0,0,0,0,1,0,0,1,0,0,0,0,0,0,0,0,1,0,0,0,0
18,2.0,0,1384.6495524995055,0,569,1,749.4859827605145,0,1,0,9428.838080565638,36,13.281998631445989,1,"I need a personal loan for my son, and I want to go to school.",0.9936708211898804,0,1,0,0,0,0,0,0,0,0,0,0,1,0,1,0,0,0,0,0,0,0,0,0,1,0,0,0,0,0,0
35,1.0,3,12447.540477774586,1,737,0,4333.596019787715,15,0,0,27697.469844490483,12,8.380406813216341,0,"Need funds for a new campaign, and I will be able to do the same for the rest of the campaign.",0.9900227189064026,1,0,0,0,0,0,0,0,1,0,0,0,0,0,0,0,0,1,0,0,0,0,0,0,1,0,0,0,0,1,0
19,2.0,0,3160.4697862635435,0,596,0,1424.4449116051048,1,1,1,16557.38902501518,60,17.55681427005668,1,Applying for financing to cover the costs of the cost of the initial investment.,0.9791395664215088,1,0,0,0,0,0,1,0,0,0,0,0,0,0,1,0,0,1,0,0,0,0,0,0,0,0,0,1,0,0,0
23,3.0,0,1126.1185113424488,0,527,2,447.4901371433917,5,0,1,23784.37715072614,12,19.696302347584208,1,"Need funds for a new ""Dance of the Dancer"" set.",0.9975489974021912,0,0,0,1,0,1,0,0,0,0,0,0,0,0,1,0,0,0,0,0,0,0,0,0,0,1,0,0,0,0,0
18,1.0,0,1682.6330126880468,0,604,1,556.0430881513694,0,0,1,5711.030314477801,48,12.431398115961604,1,Need funds for a new project.,0.9936864972114563,1,0,0,0,0,0,0,0,0,0,0,0,0,0,1,0,0,0,1,0,0,0,0,0,1,0,0,0,0,0,0
21,1.0,2,939.3217432887936,0,634,0,285.3571905900235,3,1,1,21875.12721455893,24,10.690924163790978,1,Applying for financing to cover the costs of the project.,0.9215720891952515,0,1,0,0,0,0,0,0,0,0,0,0,1,0,1,0,0,1,0,0,0,0,0,0,0,0,0,1,0,0,0
30,3.0,3,10001.521837729755,2,715,1,3620.6704012676873,8,1,1,44398.73930987639,36,5.533094842787397,0,Car Loan: unknown,0.0,1,0,0,0,1,0,0,0,0,0,0,0,0,1,0,0,0,1,0,1,0,0,0,0,0,0,0,0,0,0,1
27,3.0,1,12333.297663822746,0,743,1,4318.965971067506,7,0,1,29473.28589039903,12,8.10098128003457,0,Personal: unknown,0.0,1,0,0,0,0,0,0,0,1,0,0,0,0,0,1,0,0,0,1,0,0,0,0,0,0,1,0,0,0,0,1
56,2.0,16,8064.840488940837,0,748,0,2562.9205647830618,8,1,1,20511.844626299266,60,6.009643018152206,0,Applying for financing to cover the cost of the project.,0.9172947406768799,1,0,0,0,0,0,0,0,0,0,1,0,0,1,0,0,0,0,1,0,0,0,0,0,0,1,0,0,0,0,0
64,2.0,28,4926.758483339942,2,795,1,873.9107032828023,16,1,1,40654.374992316254,84,4.52407223723808,0,I need an education loan to pursue the right path to becoming a successful and successful business owner.,0.9572010040283203,1,0,0,0,0,0,0,0,1,0,0,0,0,1,0,0,1,0,0,0,0,1,0,0,0,0,0,0,0,0,0
62,1.0,0,3977.9267839106014,0,562,4,1851.769249646524,15,0,0,18487.549504314517,48,16.960915370037988,1,I need a car loan to buy a vehicle for my family.,0.9989438652992249,0,0,0,1,0,0,0,0,0,0,0,1,0,0,0,1,0,0,1,1,0,0,0,0,0,0,0,0,0,0,0
20,2.0,1,1072.8387319643953,0,534,4,395.2009843309373,1,1,1,13028.472923647409,48,15.437577579230757,1,Need funds for this project.,0.9780156016349792,0,1,0,0,0,0,0,0,0,0,0,0,1,0,1,0,0,0,0,0,0,0,0,0,0,0,1,0,0,0,0
39,3.0,0,926.6508976435722,0,485,2,402.00762405475353,13,1,0,24864.45696750476,24,17.079647845584425,1,Need funds for this project.,0.9780156016349792,0,0,0,1,0,0,0,0,0,0,1,0,0,0,0,0,0,1,0,0,0,0,0,0,0,1,0,0,0,0,0
49,1.0,15,8948.735984119576,0,748,1,2819.293403031764,4,1,1,73988.43196553999,180,7.713690750087306,0,I need a business loan to expand my business.,0.9976586103439331,1,0,0,0,0,0,0,0,1,0,0,0,0,0,0,0,0,1,0,0,0,0,0,0,0,0,0,0,0,0,0
23,2.0,3,1876.3182562436657,0,551,3,950.1342956250752,5,1,1,16784.202754324935,60,15.041037387030356,1,Need funds for the first time.,0.8434478640556335,0,1,0,0,0,0,0,0,0,1,0,0,0,0,1,0,0,1,0,0,0,0,1,0,0,0,0,0,0,0,0
23,2.0,1,3802.48630274144,2,665,1,897.961023156366,5,1,0,5771.447607701812,60,7.997596563463635,1,I need a personal loan for me.,0.9985173344612122,1,0,0,0,0,1,0,0,0,0,0,0,0,1,0,0,0,0,0,0,0,0,0,0,0,1,0,0,0,0,0
59,3.0,11,12792.03369938444,0,659,2,3914.838520567696,11,1,0,15235.29130478101,60,9.02644285197361,0,Need funds for a new film.,0.9951600432395935,0,0,1,0,0,1,0,0,0,0,0,0,0,0,0,0,0,1,0,0,0,0,0,0,0,0,0,1,0,0,0
40,3.0,13,11717.061664607954,0,648,2,6248.604592426289,10,0,0,19197.425772434708,84,12.108096384847448,0,I need an education loan to pursue a career in journalism.,0.9976849555969238,1,0,0,0,0,0,0,0,0,0,1,0,0,1,0,0,0,0,1,0,0,1,0,0,0,0,0,0,0,0,0
62,3.0,39,12324.287683838376,1,798,1,698.5002066595314,4,1,1,42732.38122805262,84,5.550943768622433,0,I need an education loan to pursue a career in the fields of law and economics.,0.9968210458755493,0,0,1,0,0,0,1,0,0,0,0,0,0,0,0,1,1,0,0,0,0,1,0,0,0,0,0,0,0,0,0
46,3.0,12,18080.150036889216,1,701,2,4721.306883229168,2,1,0,113308.32930634671,240,6.007185335319149,0,Seeking financing to start my own business is a very difficult task.,0.9976602792739868,1,0,0,0,0,0,0,0,0,0,1,0,0,1,0,0,0,1,0,0,0,0,0,0,0,0,0,0,0,0,0
22,3.0,3,2573.8551767361087,0,616,2,853.1432576251127,3,0,0,12905.378064083252,60,11.905289408827617,1,Applying for financing to cover the cost of the project.,0.9172947406768799,1,0,0,0,1,0,0,0,0,0,0,0,0,0,1,0,0,0,0,0,0,0,0,0,0,0,1,0,0,0,0
37,0.0,1,4084.2508384403072,0,671,2,1069.689670076063,17,1,1,24379.769232347644,12,8.608509927088257,1,Applying for financing to cover the costs of the project.,0.9215720891952515,0,1,0,0,0,0,0,0,0,0,0,0,0,0,1,0,0,1,0,0,0,0,1,0,0,0,0,0,0,0,0
28,1.0,0,5196.74093187051,3,684,1,1194.9921960008517,0,1,1,9897.075590573622,60,8.586199499200283,1,Applying for debt consolidation to reduce the deficit by $2.,0.9837557077407837,0,0,0,0,0,0,0,0,0,0,0,0,0,1,0,0,0,0,1,0,1,0,0,0,0,0,0,0,0,0,0
26,3.0,1,8982.607657743823,0,668,0,1920.9609295176956,6,1,1,33464.19699279249,60,10.859392813265751,0,Applying for student financing for a new school is a big step forward for the University of Michigan.,0.9979628324508667,1,0,0,0,0,0,0,0,0,0,0,0,0,1,0,0,0,0,1,0,0,1,0,0,0,0,0,0,0,1,0
30,2.0,1,4731.870670909934,1,589,2,1496.187545216549,4,1,1,40395.6517469496,72,18.07958890590881,1,Looking to finance a car because of the value of the car.,0.5311846137046814,0,1,0,0,0,1,0,0,0,0,0,0,0,0,1,0,0,1,0,1,0,0,0,0,0,0,0,0,1,0,0
48,1.0,3,11145.949434290227,2,812,2,1868.062158259683,11,1,1,13827.572223459738,24,4.886717561970918,0,Vacation: unknown,0.0,1,0,0,0,0,0,0,0,0,1,0,0,0,1,0,0,1,0,0,0,0,0,0,0,0,0,1,0,0,0,1
18,3.0,0,2394.258992089368,0,615,2,1033.410333331405,0,1,1,140229.26291836996,120,11.16933324513353,1,Looking to buy a house for my family because I think I'm a good person.,0.9992538094520569,1,0,0,0,0,1,0,0,0,0,0,0,0,0,1,0,0,0,0,0,0,0,0,1,0,0,0,0,0,1,0
45,1.0,19,11451.234130573028,1,783,0,2199.193021846446,11,0,1,12858.75282959371,36,5.554092244276179,0,I need a personal loan for me.,0.9985173344612122,1,0,0,0,0,0,0,1,0,0,0,0,0,0,0,0,0,0,1,0,0,0,0,0,0,0,1,0,0,0,0
65,1.0,0,1652.0896368033077,1,529,4,599.2296944630813,11,0,0,48478.43623520431,48,16.7683841916731,1,"Applying for auto financing to purchase a car for $2,000,000,000.",0.9731086492538452,0,0,0,1,0,0,1,0,0,0,0,0,0,0,0,0,0,1,0,1,0,0,0,0,0,0,0,0,0,0,0
22,2.0,3,1348.3787389261154,0,545,2,715.2798508922111,1,1,0,11782.898792417198,24,17.88788462363396,1,Applying for debt consolidation to reduce the risk of default.,0.9485341310501099,0,1,0,0,0,0,0,0,0,1,0,0,0,0,1,0,0,0,0,0,1,0,0,0,0,0,0,0,0,0,0
60,3.0,37,6105.6259493645775,0,713,1,1906.973701014271,21,1,1,28407.015536723167,24,7.974229712041023,0,I need a personal loan for me.,0.9985173344612122,0,1,0,0,0,0,1,0,0,0,0,0,0,0,0,0,0,1,0,0,0,0,1,0,0,0,0,0,0,0,0
23,2.0,4,1663.415393910963,1,586,1,447.11933940938246,0,1,0,59630.62335893871,180,16.72694477592652,0,I am applying for a home loan to purchase a house.,0.9925715327262878,0,0,0,0,0,0,0,0,1,0,0,0,0,0,1,0,0,0,0,0,0,0,0,1,0,0,0,0,0,0,0
20,0.0,1,2468.0304903335737,0,549,2,1282.2625629264735,2,1,1,58399.370001514864,84,16.888551466289318,1,Need funding for my education in the UK.,0.9922007918357849,1,0,0,0,0,0,0,0,1,0,0,0,0,0,1,0,0,0,1,0,0,1,0,0,0,0,0,0,0,0,0
55,4.0,7,6848.946836619392,1,779,1,1455.6938170397862,11,0,0,148696.6247615947,120,5.566630143651601,1,Applying for business credit to be granted to the government.,0.7706537246704102,1,0,0,0,0,0,0,0,0,0,0,0,1,1,0,0,1,0,0,0,0,0,0,0,0,0,0,0,0,0,0
50,2.0,18,6425.438377865256,1,792,1,1284.8958947895967,18,1,0,294436.3641291888,120,5.116125225311517,0,"Need mortgage financing for your home, and you can save a lot of money.",0.9983373880386353,1,0,0,0,0,0,0,0,0,0,0,0,0,1,0,0,1,0,0,0,0,0,0,1,0,0,0,0,0,0,0
19,3.0,0,91.7919199961198,1,507,2,48.96677916156236,0,0,1,12075.015885726942,36,19.96215931055358,1,I need a personal loan for me.,0.9985173344612122,0,0,0,1,0,0,0,0,0,0,0,0,0,0,1,0,0,1,0,0,0,0,0,0,0,1,0,0,0,0,0
26,2.0,4,3510.4579234335506,2,618,4,1463.4078178713517,4,0,1,23513.49192922095,24,10.50548056778802,1,"I want to consolidate my debts to the tune of $3,000.",0.9973994493484497,0,1,0,0,0,0,0,0,0,0,0,0,1,1,0,0,0,0,1,0,1,0,0,0,0,0,0,0,0,0,0
47,0.0,23,3972.892577114166,2,629,1,1327.15358752464,14,1,1,20251.70846333419,60,13.084726784472911,1,Applying for financing to cover the costs of the project.,0.9215720891952515,1,0,0,0,1,0,0,0,0,0,0,0,0,1,0,0,0,1,0,0,0,0,0,0,0,0,1,0,0,0,0
68,1.0,5,6531.386277312408,2,783,0,761.3190052619693,14,0,1,23263.72842023253,12,3.916826899983458,0,I need a personal loan for me to keep going.,0.9988914132118225,1,0,0,0,0,1,0,0,0,0,0,0,0,1,0,0,0,0,1,0,0,0,0,0,1,0,0,0,0,0,0
67,2.0,13,4134.815849920705,0,628,2,1705.571283171908,10,0,0,20836.95549565368,60,10.557424296291297,0,Home Improvement: unknown,0.0,1,0,0,0,1,0,0,0,0,0,0,0,0,0,0,0,0,1,0,0,0,0,1,0,0,0,0,0,0,0,1
31,3.0,0,3204.86038672666,0,534,2,1766.862518620596,0,0,1,16983.861003446294,12,17.24459661103363,1,Need funds for a new game.,0.9983019828796387,0,0,0,1,0,0,0,0,0,0,0,0,0,1,0,0,0,1,0,0,0,0,0,0,1,0,0,0,0,0,0
19,1.0,0,1280.3570934694578,1,580,2,588.2828617251315,0,1,1,19034.573587347542,60,13.532006922761903,1,I need an education loan to pursue a career in the field of finance.,0.9966446161270142,0,1,0,0,0,0,0,0,1,0,0,0,0,0,0,1,0,0,1,0,0,1,0,0,0,0,0,0,0,0,0
26,3.0,5,8631.24596111868,2,667,1,1373.9065054575512,5,1,0,31616.915211527798,48,10.721875597858942,1,"Looking to finance a car because it’s a car,’s a car,’s a car,’s a car,",0.98818039894104,1,0,0,0,0,0,0,0,0,1,0,0,0,0,1,0,0,0,0,1,0,0,0,0,0,0,0,0,0,0,0
25,2.0,0,4183.670912763304,0,576,0,1764.0999731224963,2,1,1,19390.593764679943,36,15.947146261942002,1,I need a personal loan for a living.,0.9974971413612366,0,0,0,1,0,0,0,0,0,0,0,0,0,1,0,0,1,0,0,0,0,0,0,0,0,0,1,0,0,0,0
60,2.0,3,4895.123777386949,1,656,2,1800.510382244805,2,1,1,139466.44973111092,360,10.955531502486911,1,I need a business loan to expand my business.,0.9976586103439331,0,1,0,0,0,0,0,0,0,0,1,0,0,0,0,0,0,1,0,0,0,0,0,0,0,0,0,0,0,0,0
64,3.0,30,11985.515096601976,1,663,0,3638.802405595421,8,1,1,18091.58540136527,36,9.144703802117585,0,Applying for financing to cover the cost of the project.,0.9172947406768799,1,0,0,0,0,0,0,0,0,1,0,0,0,0,1,0,0,1,0,0,0,0,1,0,0,0,0,0,0,0,0
68,0.0,14,2814.665386132475,1,607,2,1281.1172356188497,17,1,1,96024.11843362868,120,13.813544290124003,1,Seeking financing to start my own car company.,0.9875137209892273,1,0,0,0,0,0,0,0,0,1,0,0,0,0,0,0,0,1,0,0,0,0,0,0,0,0,0,0,0,0,0
33,4.0,7,16584.047745857108,2,696,1,4026.480405747212,15,1,1,24641.07758822818,60,10.786132360144462,0,Need funds for the new year.,0.9616274237632751,0,0,1,0,0,0,0,0,0,0,0,0,1,1,0,0,0,1,0,0,0,0,0,0,0,1,0,0,0,0,0
29,3.0,10,7973.727985144761,0,698,2,1509.5726431157375,2,1,1,12744.696480227482,48,10.549949119667987,0,Need funds for a new home.,0.9974108338356018,0,0,0,0,0,0,0,0,0,0,0,0,0,0,1,0,0,1,0,0,0,0,0,0,0,1,0,0,0,0,0
64,4.0,10,7474.92921402434,0,739,0,1766.3112130353895,14,0,0,27937.14607829976,60,6.90996480447381,0,Need funds for the project.,0.9833061099052429,1,0,0,0,0,0,0,0,0,0,0,0,0,1,0,0,0,1,0,0,0,0,0,0,0,1,0,0,0,0,0
63,0.0,31,6637.911464267689,3,802,1,765.6731863344195,0,1,0,27404.87320775692,60,5.852802031334184,0,"Looking to finance a car because it’s a good idea to use a car,” he said.",0.9683722853660583,1,0,0,0,0,0,0,0,0,0,0,1,0,1,0,0,1,0,0,1,0,0,0,0,0,0,0,0,0,1,0
27,4.0,6,11080.621421102653,2,759,1,800.4834766491045,1,1,1,26704.2323831626,48,3.9063449686717697,0,"I need a personal loan for my children,” he said.",0.9909408688545227,1,0,0,0,0,0,0,0,0,0,0,0,1,0,0,1,0,0,1,0,0,0,0,0,1,0,0,0,0,0,0
66,4.0,24,10624.69017786091,2,725,0,2574.576969724629,6,1,0,28323.121564241803,60,7.59162814572891,0,Applying for financing to cover costs of the project.,0.925628662109375,1,0,0,0,0,0,0,0,0,1,0,0,0,1,0,0,0,0,0,0,0,0,1,0,0,0,0,0,0,0,0
45,0.0,6,7684.5821254305,0,758,1,1654.4722272314343,11,1,1,25079.054943989464,60,3.519911011863628,0,"I want to consolidate my debts to the people of the United States, and I want to make sure that we have the resources to make sure that we have the",0.994959831237793,0,0,0,0,1,0,0,0,0,0,0,0,0,0,0,0,1,0,0,0,1,0,0,0,0,0,0,0,0,1,0
47,2.0,4,8309.602857245989,2,823,1,1139.2592246575257,6,1,1,83117.38894379887,360,5.347566394469897,0,I need a business loan to expand my business.,0.9976586103439331,1,0,0,0,0,0,0,0,1,0,0,0,0,1,0,0,1,0,0,0,0,0,0,0,0,0,0,0,0,0,0
50,5.0,13,12678.13593383464,0,686,2,2371.899206739574,1,1,1,98796.71106629622,120,7.517289933270433,0,Need funding for my education in the US.,0.9946110248565674,1,0,0,0,0,0,0,0,1,0,0,0,0,0,0,1,0,1,0,0,0,1,0,0,0,0,0,0,0,0,0
63,3.0,37,7681.595306754829,2,701,2,2413.9103252334976,10,0,1,157485.3718319641,360,8.22345595895392,0,Applying for business credit to a business credit card is a form of payment that is not required by law to be approved by the Federal Trade Commission.,0.9997338652610779,0,1,0,0,0,0,0,0,0,0,0,0,1,0,0,0,1,0,0,0,0,0,0,0,0,0,0,0,0,0,0
25,3.0,4,7300.147837995172,1,631,3,2916.1076742079445,7,1,0,18884.08877344078,48,10.913818965325197,0,I need a personal loan for my children.,0.997666597366333,0,1,0,0,0,0,1,0,0,0,0,0,0,0,1,0,0,0,1,0,0,0,0,0,1,0,0,0,0,0,0
30,4.0,2,10379.729174397944,4,767,1,2590.643618965846,4,0,0,27274.913540809852,60,4.504827284023105,0,Applying for auto financing to purchase a car.,0.8946273326873779,1,0,0,0,0,0,0,1,0,0,0,0,0,1,0,0,0,0,0,1,0,0,0,0,0,0,0,0,0,0,0
68,1.0,7,3935.023651565393,0,706,1,1102.2487264431882,20,0,0,49810.3696162341,72,6.274311787481405,0,Applying for auto financing to purchase an investment in a company.,0.788379967212677,1,0,0,0,0,0,0,1,0,0,0,0,0,0,0,1,0,1,0,1,0,0,0,0,0,0,0,0,0,0,0
37,1.0,3,8913.266848584577,1,739,1,3017.380774093957,19,1,1,5448.641964212296,48,7.478888099184227,0,Need funds for the project.,0.9833061099052429,1,0,0,0,0,0,0,0,0,1,0,0,0,0,0,0,0,1,0,0,0,0,0,0,0,1,0,0,0,0,0
30,1.0,3,5085.363014230261,1,738,2,1759.2028308484182,2,1,1,60956.26221025638,60,7.4630260164781586,0,Applying for student financing for the school‬s financial aid program is a major step forward for the district.,0.9976029992103577,1,0,0,0,1,0,0,0,0,0,0,0,0,1,0,0,0,1,0,0,0,1,0,0,0,0,0,0,0,1,0
49,0.0,1,7383.948279439025,0,680,0,1188.3276417825011,7,1,0,7770.199054495176,60,7.832540946473066,0,Need funds for a new project.,0.9936864972114563,1,0,0,0,0,1,0,0,0,0,0,0,0,0,1,0,1,0,0,0,0,0,1,0,0,0,0,0,0,0,0
54,2.0,34,4408.223884550018,2,665,0,1218.7921316863558,26,1,1,24443.19775169483,24,10.45702429893678,1,I need a personal loan for the next five years.,0.9982942938804626,1,0,0,0,0,0,0,0,0,0,1,0,0,1,0,0,0,0,1,0,0,0,0,0,0,0,0,1,0,0,0
41,4.0,7,10959.150775016118,1,746,0,3974.285970156846,20,1,1,26682.35502399506,36,8.011039985091017,0,Applying for financing to cover costs for the acquisition.,0.9448871612548828,0,1,0,0,0,0,1,0,0,0,0,0,0,1,0,0,0,1,0,0,0,0,0,0,0,0,1,0,0,0,0
43,1.0,24,11853.71565674638,0,701,2,2941.0405270792585,18,1,1,25414.985986789427,60,6.630833288274722,0,I need a personal loan for me.,0.9985173344612122,1,0,0,0,0,0,0,1,0,0,0,0,0,0,1,0,0,1,0,0,0,0,0,0,1,0,0,0,0,0,0
34,1.0,8,8762.618598227364,0,664,3,2964.7842141463,6,0,1,14406.489638272897,12,10.220014205746027,1,Applying for financing to cover the cost of the project.,0.9172947406768799,1,0,0,0,0,0,0,0,0,0,0,1,0,1,0,0,0,0,1,0,0,0,0,0,0,0,0,1,0,0,0
63,4.0,11,4650.017279931119,3,755,0,1006.6018325182076,20,1,1,25141.22013408355,36,4.065197677526407,0,Need funds for the team to provide the necessary funds.,0.9880339503288269,0,1,0,0,0,0,0,0,0,0,0,0,1,1,0,0,0,1,0,0,0,0,0,0,1,0,0,0,0,0,0
26,4.0,2,8101.753092462317,0,665,4,2046.4964044194007,3,1,1,49383.25159180122,36,8.892494596660097,0,Applying for auto financing to purchase an apartment.,0.9336033463478088,1,0,0,0,0,0,1,0,0,0,0,0,0,0,1,0,0,0,1,1,0,0,0,0,0,0,0,0,0,0,0
23,3.0,4,4209.2610533612615,0,535,3,2252.637035465393,4,1,0,11906.408640044214,36,17.37815432991265,1,"Applying for financing to cover the costs of the project, the company has been working on an interim plan to cover the costs of the project.",0.9892666339874268,1,0,0,0,0,0,0,0,0,0,0,1,0,0,1,0,0,0,1,0,0,0,0,0,0,1,0,0,0,0,0
28,2.0,6,9653.2123817598,0,739,0,2189.44259493083,1,1,0,14250.613103570398,48,7.870044524679645,0,I need a personal loan for a lot of people.,0.9961375594139099,1,0,0,0,1,0,0,0,0,0,0,0,0,0,1,0,0,0,0,0,0,0,0,0,1,0,0,0,0,0,0
25,3.0,4,6524.829497280791,1,750,2,1113.6504954009426,0,1,1,28272.18430152021,12,5.889789773607104,0,"Applying for financing to cover the cost of the new school,” he said.",0.5682573914527893,1,0,0,0,0,1,0,0,0,0,0,0,0,0,1,0,0,0,0,0,0,0,1,0,0,0,0,0,1,0,0
24,1.0,5,942.3103744540005,0,501,4,508.32418538167394,5,0,1,34050.74816423426,48,19.621796228919195,1,"Applying for debt consolidation to reduce the deficit,” said the U.",0.7912620306015015,0,1,0,0,0,0,0,1,0,0,0,0,0,0,1,0,0,0,0,0,1,0,0,0,0,0,0,0,0,1,0
50,2.0,31,4247.848851528789,2,707,1,1223.0669276529793,10,1,1,19253.689189259538,60,6.952137627881138,1,Applying for debt consolidation to reduce the amount of debt that is owed to the government.,0.9664145708084106,1,0,0,0,0,0,1,0,0,0,0,0,0,0,0,0,0,1,0,0,1,0,0,0,0,0,0,0,0,0,0
24,2.0,3,3539.371608760702,0,649,3,1443.88579213716,4,1,1,7807.608610280479,36,12.55194082317319,0,I need a personal loan for a few years.,0.9978651404380798,1,0,0,0,0,0,0,1,0,0,0,0,0,0,1,0,0,0,1,0,0,0,0,0,1,0,0,0,0,0,0
21,2.0,0,1526.9849008057265,0,580,1,694.9708837254523,3,1,0,18627.63820651749,24,14.591866471029652,0,"Applying for financing to cover expenses,” said the statement.",0.6664053797721863,0,1,0,0,0,0,0,1,0,0,0,0,0,1,0,0,1,0,0,0,0,0,1,0,0,0,0,0,0,1,0
62,1.0,10,6300.232254964751,2,676,1,1775.4568920328848,3,1,1,45267.2466768171,84,7.881126598933637,0,"I need an education loan to pursue a career in journalism, and I have no idea what that means.",0.9995591044425964,0,0,1,0,0,0,1,0,0,0,0,0,0,1,0,0,0,0,0,0,0,1,0,0,0,0,0,0,0,0,0
22,1.0,0,140.76411810027335,1,449,3,76.43468872584442,4,1,1,28770.01961186128,36,19.01224149348461,1,Need funds for the project.,0.9833061099052429,0,0,0,1,0,1,0,0,0,0,0,0,0,0,0,1,0,0,0,0,0,0,0,0,0,0,1,0,0,0,0
39,0.0,20,5178.713320290948,3,692,1,1885.6701084533947,13,1,1,59180.546845087854,180,10.280510020991576,1,"Seeking financing to start my own business, I’m sure I’ll have to wait a little longer to get started.",0.999593198299408,1,0,0,0,0,0,0,0,0,0,1,0,0,1,0,0,0,0,0,0,0,0,0,0,0,0,0,0,0,0,0
55,1.0,0,6452.423681726648,1,780,1,1104.2668087157615,29,1,0,146076.18392814777,360,5.6727476718118215,1,Applying for business credit to the business is the same as the business credit.,0.9710236191749573,1,0,0,0,0,0,0,0,0,0,0,0,0,1,0,0,1,0,0,0,0,0,0,0,0,0,0,0,0,0,0
64,3.0,4,9199.408995088585,0,714,0,2511.824222782715,18,1,0,16777.14142564369,12,8.053598832845758,1,I need a personal loan for my family.,0.9983909130096436,1,0,0,0,0,0,1,0,0,0,0,0,0,0,1,0,0,0,1,0,0,0,1,0,0,0,0,0,0,0,0
45,2.0,24,5180.640779999538,0,666,0,1050.9551589739124,19,1,0,82312.03663113507,240,10.616845482589632,0,Seeking financing to start my own business.,0.9802054166793823,1,0,0,0,0,1,0,0,0,0,0,0,0,0,1,0,1,0,0,0,0,0,0,0,0,0,0,0,0,0,0
21,4.0,0,3286.475790331615,0,674,4,597.8174909946183,1,1,0,28976.005411181177,48,9.34481004718374,1,I need a personal loan for me.,0.9985173344612122,1,0,0,0,0,0,0,0,0,1,0,0,0,0,1,0,0,1,0,0,0,0,1,0,0,0,0,0,0,0,0
43,1.0,10,5052.822613368142,0,659,0,1310.1885618874965,21,1,0,27887.84193229785,60,9.636416334527851,0,"Applying for financing to cover the costs of the project, the company is now looking to reduce the cost of the project to $3.",0.9978240728378296,1,0,0,0,0,1,0,0,0,0,0,0,0,1,0,0,0,0,0,0,0,0,0,0,0,0,1,0,0,0,0
47,3.0,8,6758.173939582804,1,838,2,355.354555333819,1,0,1,10667.266301873093,12,4.378855650124245,0,Need funds for the next few months.,0.9962524771690369,1,0,0,0,0,0,0,0,0,0,1,0,0,1,0,0,1,0,0,0,0,0,0,0,0,1,0,0,0,0,0
26,3.0,4,7661.930272561919,2,645,2,3863.042907896858,7,1,1,27801.58735209409,36,10.84526383586738,1,Need funds for the next year.,0.9907711744308472,1,0,0,0,0,0,0,0,0,0,1,0,0,1,0,0,0,0,1,0,0,0,0,0,0,0,1,0,0,0,0
38,1.0,18,2828.946510826764,3,635,0,1252.8772366790529,10,1,1,22598.65337846273,60,12.499045084173003,0,Applying for financing to cover the cost of the project.,0.9172947406768799,0,1,0,0,0,0,0,0,0,0,0,0,0,1,0,0,1,0,0,0,0,0,1,0,0,0,0,0,0,0,0
43,4.0,15,15543.771010988108,0,762,0,3615.1467742786954,14,0,1,34799.0860249352,48,3.8489971683995,0,I need a car loan to buy a vehicle for my family.,0.9989438652992249,0,0,1,0,0,0,0,0,0,0,0,0,1,0,1,0,1,0,0,1,0,0,0,0,0,0,0,0,0,0,0
20,2.0,0,3267.0046131083536,0,675,2,868.3001685926292,1,1,1,17530.589586810784,48,10.38318588529693,0,Need to refinance existing loans because they don't have a loan.,0.9974347949028015,0,0,1,0,0,0,0,0,0,0,0,0,1,0,1,0,0,0,0,0,1,0,0,0,0,0,0,0,0,0,0
22,0.0,2,687.1102859484266,0,548,2,396.47887475389774,3,1,0,41868.69410283145,240,17.451582287786977,1,Looking to buy a house for my family because I want to have a family.,0.9779150485992432,0,1,0,0,0,0,0,1,0,0,0,0,0,0,1,0,0,1,0,0,0,0,0,1,0,0,0,0,0,0,0
41,1.0,10,6631.089369561476,3,679,3,1149.2862302378066,16,0,0,29095.57902196184,12,8.031213934478856,0,Home Improvement: unknown,0.0,0,0,1,0,0,0,0,0,0,1,0,0,0,1,0,0,0,1,0,0,0,0,1,0,0,0,0,0,0,0,1
59,1.0,8,8943.480738339249,0,757,1,602.9565333742935,6,1,0,20426.662902945038,24,4.363057857004231,0,"I need a personal loan for me,” she said.",0.9945226907730103,0,0,1,0,0,0,0,0,0,0,1,0,0,0,0,1,1,0,0,0,0,0,0,0,1,0,0,0,0,0,0
25,4.0,0,9808.643625195891,2,747,1,2044.0412955792483,6,1,1,6704.665494136568,24,7.16664870965686,1,"I need a personal loan for my son to be able to afford the rent,” he said.",0.9970667958259583,1,0,0,0,0,0,0,0,0,0,0,0,1,1,0,0,0,0,1,0,0,0,0,0,1,0,0,0,0,0,0
60,3.0,19,10173.968325788295,2,728,0,2032.9377717388463,0,1,1,44486.15209945168,36,5.541236662034036,0,I want to consolidate my debts to make sure I can keep my house in good condition.,0.9878818988800049,1,0,0,0,0,0,1,0,0,0,0,0,0,1,0,0,1,0,0,0,1,0,0,0,0,0,0,0,0,0,0
43,1.0,20,5017.456027029135,0,602,1,1585.7109135469352,20,0,1,25909.23232525216,60,13.479036998270754,1,"Need funds for the new game, which has been in development for a while now.",0.9966148734092712,0,1,0,0,0,0,0,1,0,0,0,0,0,1,0,0,0,0,1,0,0,0,0,0,0,0,0,1,0,0,0
63,1.0,26,3767.161270964456,0,700,0,587.0669688655116,4,0,1,41467.47648825619,60,8.512356701904292,0,Looking to finance a car because it’s the most expensive car in the world.,0.9846811294555664,1,0,0,0,0,0,0,0,0,0,0,0,1,0,1,0,1,0,0,1,0,0,0,0,0,0,0,0,0,1,0
45,4.0,4,28457.17705489595,0,791,2,1675.0452814804112,19,1,1,13014.847677007943,12,5.303673844678718,1,"Need funds for a new project, the project is currently in the process of getting the project approved.",0.9654674530029297,0,0,1,0,0,0,0,0,1,0,0,0,0,0,0,0,1,0,0,0,0,0,0,0,0,0,0,1,0,0,0
69,3.0,25,10964.722412327106,2,702,0,2576.079959543052,3,0,0,104733.35237651903,180,7.129064292600292,0,Applying for business credit to a client is a fine business plan.,0.9992828965187073,1,0,0,0,0,1,0,0,0,0,0,0,0,0,0,0,0,1,0,0,0,0,0,0,0,0,0,0,0,1,0
52,2.0,25,6989.416002995638,3,735,0,1501.9237736435932,21,1,1,30294.85599829673,48,5.719244686081045,0,Looking to finance a car because it is a better option.,0.9905080795288086,1,0,0,0,0,0,0,0,0,0,1,0,0,1,0,0,0,1,0,1,0,0,0,0,0,0,0,0,0,0,0
24,0.0,0,2673.5317963985426,0,582,4,1245.645920950037,5,0,0,34533.79544257834,72,19.59540463033583,1,Looking to finance a car because it’s a good idea.,0.9994105100631714,0,0,0,1,0,0,0,0,0,1,0,0,0,0,1,0,1,0,0,1,0,0,0,0,0,0,0,0,0,1,0
32,1.0,9,6423.934582613473,1,703,1,1136.8620546494722,3,1,0,5785.729642168356,24,6.44306794322898,0,Applying for financing to cover the cost of the project.,0.9172947406768799,1,0,0,0,0,0,0,1,0,0,0,0,0,0,0,0,0,0,1,0,0,0,0,0,0,0,1,0,0,0,0
44,3.0,13,17392.09973743164,0,692,1,5220.280227419078,8,1,1,479306.3747183227,240,9.834400309468176,0,Need mortgage financing for the first time.,0.9720180630683899,1,0,0,0,0,0,0,0,0,0,0,1,0,1,0,0,0,1,0,0,0,0,0,1,0,0,0,0,0,0,0
18,2.0,0,911.8568012931931,1,594,2,347.3700229909864,0,1,1,60419.75763635506,240,13.212982197418976,1,I am applying for a home loan to purchase a new home.,0.9955964684486389,0,1,0,0,0,1,0,0,0,0,0,0,0,0,1,0,0,1,0,0,0,0,0,1,0,0,0,0,0,0,0
61,5.0,35,14826.138637490889,4,846,2,1705.9780243223006,12,1,0,297592.7998013636,180,4.118860717545115,1,"Looking to buy a house for my family because I want to be a part of the family, I have to be able to have a home for my children.",0.5183668732643127,1,0,0,0,0,0,0,0,0,0,0,1,0,1,0,0,1,0,0,0,0,0,0,1,0,0,0,0,1,0,0
20,1.0,1,2404.443146812994,0,562,2,1093.150710397534,1,1,1,24759.20562162719,36,14.041614749899194,1,Applying for financing to cover the cost of the project.,0.9172947406768799,0,0,0,0,0,0,0,1,0,0,0,0,0,0,1,0,0,0,1,0,0,0,0,0,0,1,0,0,0,0,0
44,4.0,6,7797.363436521529,0,727,2,2811.399322142364,18,1,1,18724.51123604105,12,5.601007534641618,0,Need funds for a new game.,0.9983019828796387,1,0,0,0,0,0,0,0,0,0,0,0,0,0,1,0,0,0,0,0,0,0,0,0,0,0,1,0,0,0,0
19,1.0,0,2642.298908183725,0,554,2,913.9324741414596,1,0,1,28826.177129686344,60,13.270690308131671,1,Applying for auto financing to purchase a new car.,0.9528282284736633,1,0,0,0,1,0,0,0,0,0,0,0,0,0,1,0,0,1,0,1,0,0,0,0,0,0,0,0,0,0,0
50,3.0,0,2290.3443118440305,0,596,0,1232.6716715688592,17,1,1,25720.360467794995,24,15.710299988278022,1,Applying for financing to cover the cost of the project.,0.9172947406768799,0,0,0,1,1,0,0,0,0,0,0,0,0,0,1,0,0,1,0,0,0,0,0,0,0,1,0,0,0,0,0
19,1.0,0,3503.48988916438,0,657,1,907.2522776831694,1,1,1,149526.24618767592,120,9.299824189985683,1,I am applying for a home loan to purchase a house in the United States.,0.9913657903671265,0,0,1,0,0,0,0,0,0,0,0,0,1,0,1,0,0,1,0,0,0,0,0,1,0,0,0,0,0,0,0
59,1.0,0,3494.953690197938,2,546,3,2301.6821242762207,9,0,0,29032.882204622685,60,19.15350036159692,1,Need funds for the purchase of the game.,0.9960711002349854,0,0,0,1,0,0,0,0,0,1,0,0,0,0,1,0,0,1,0,0,0,0,1,0,0,0,0,0,0,0,0
31,3.0,10,12564.097436149706,3,766,0,1143.337415026671,11,0,1,14480.71462409501,24,5.3039913768781926,0,Applying for financing to cover the costs of the project.,0.9215720891952515,1,0,0,0,0,0,0,1,0,0,0,0,0,1,0,0,0,1,0,0,0,0,0,0,0,0,1,0,0,0,0
55,3.0,13,7870.354102630531,2,743,2,2674.6303020388173,1,1,0,17511.132728268538,36,8.354435678997973,0,Applying for financing to cover costs of the project.,0.925628662109375,0,0,1,0,0,0,0,1,0,0,0,0,0,1,0,0,1,0,0,0,0,0,0,0,0,0,1,0,0,0,0
